Gene,XGB_Rank,AE_Rank,Combined_Score
TYROBP,1.0,0.5514084,0.7757042
CST3,0.51883453,0.5716612,0.54524785
FCAR,0.0,1.0,0.5
FCGR3A,0.0,0.95791745,0.47895873
CD93,0.0,0.9213977,0.46069884
IL8,0.0,0.87186,0.43593
RXRA,0.0,0.8456601,0.42283005
PRKCD,0.0,0.84224343,0.42112172
TMEM205,0.0,0.8417414,0.4208707
HBEGF,0.0,0.8393809,0.41969046
KCNE1,0.0,0.8367553,0.41837764
NRGN,0.0,0.8279487,0.41397434
RGS18,0.0,0.8236321,0.41181606
RAB34,0.0,0.8212827,0.41064134
FCGR3B,0.0,0.8139582,0.4069791
OSCAR,0.0,0.812773,0.4063865
SLC22A18AS,0.0,0.8124915,0.40624574
CHN2,0.0,0.8090959,0.40454796
ABI3,0.0,0.8049767,0.40248835
UBE2L6,0.0,0.8000495,0.40002474
S100A8,0.01565067,0.78321046,0.39943057
APOBEC3B,0.0,0.79780287,0.39890143
SGK1,0.0,0.7953272,0.3976636
FCGR2A,0.0,0.7915269,0.39576346
IL1B,0.0,0.79062796,0.39531398
IGFBP7,0.0,0.7881375,0.39406875
RP11-10K16.1,0.0,0.7873692,0.3936846
CAPZB,0.0,0.7838426,0.3919213
RP3-337O18.9,0.0,0.7823284,0.3911642
SAT2,0.0,0.78133005,0.39066502
ASGR1,0.0,0.7811282,0.3905641
IFIT2,0.0,0.7793758,0.3896879
FCGR1A,0.0,0.77689284,0.38844642
PPIF,0.0,0.77288944,0.38644472
NFIC,0.0,0.7705787,0.38528934
DIO1,0.0,0.76941705,0.38470852
GSN,0.0,0.76719207,0.38359603
CTD-2267D19.2,0.0,0.7661532,0.3830766
HLA-DPA1,0.0,0.7652399,0.38261995
PLA2G7,0.0,0.7649682,0.3824841
CTD-2006K23.1,0.0,0.7628165,0.38140824
PTAFR,0.0,0.76213306,0.38106653
ZNF467,0.0,0.76045674,0.38022837
SMARCD3,0.0,0.7564533,0.37822664
PLD4,0.0,0.7546705,0.37733525
HLA-DMB,0.0,0.75108624,0.37554312
CD163,0.0,0.7487988,0.3743994
JUND,0.0,0.7441134,0.3720567
GNS,0.0,0.7400176,0.3700088
S100A12,0.0,0.73785245,0.36892623
TNFSF13B,0.0,0.73752415,0.36876208
FTL,0.13186531,0.6054222,0.36864376
RSPH9,0.0,0.7369714,0.3684857
BLVRA,0.0,0.727544,0.363772
PRKACA,0.0,0.7268166,0.3634083
TNFAIP2,0.0,0.7262606,0.3631303
HOMER2,0.0,0.7226629,0.36133146
HLA-DQA1,0.0,0.72152513,0.36076257
FOLR3,0.0,0.7187917,0.35939586
KCNAB1,0.0,0.7184016,0.3592008
TMEM91,0.0,0.7183275,0.35916376
LGALS2,0.0,0.71797127,0.35898563
SNCA,0.0,0.71486056,0.35743028
CXCL2,0.0,0.71474445,0.35737222
HP,0.0,0.71227247,0.35613623
C20orf27,0.0,0.7121899,0.35609496
MVB12A,0.0,0.7115516,0.3557758
FGL2,0.0,0.7086331,0.35431656
RP11-304M2.5,0.0,0.70810694,0.35405347
INTS2,0.0,0.70788914,0.35394457
SLC4A8,0.0,0.70687294,0.35343647
GSTZ1,0.0,0.70631903,0.35315952
RETN,0.0,0.705984,0.352992
G0S2,0.0,0.70595586,0.35297793
SRA1,0.0,0.70532256,0.35266128
FRAT1,0.0,0.7048261,0.35241306
VPS25,0.0,0.70461,0.352305
CLEC1B,0.0,0.703426,0.351713
GFI1B,0.0,0.6994914,0.3497457
C1QA,0.0,0.6990725,0.34953624
MLTK,0.0,0.6989293,0.34946465
CCL3,0.0,0.698033,0.3490165
AP003733.1,0.0,0.6978275,0.34891376
AC147651.3,0.0,0.69726753,0.34863377
S100A9,0.012697559,0.68411505,0.3484063
NAPRT1,0.0,0.69659024,0.34829512
FAM209A,0.0,0.6954621,0.34773105
GTPBP2,0.0,0.69326514,0.34663257
MOGAT1,0.0,0.69260085,0.34630042
C5AR1,0.0,0.69251025,0.34625512
MBOAT7,0.0,0.6919293,0.34596464
DYNLT1,0.0,0.69156706,0.34578353
CCL2,0.0,0.69144464,0.34572232
NCKAP1L,0.0,0.69127214,0.34563607
AIM2,0.0,0.69107944,0.34553972
GPR35,0.0,0.6900378,0.3450189
HLA-DMA,0.0,0.6883512,0.3441756
TPM1,0.0,0.68747866,0.34373933
PICALM,0.0,0.6868072,0.3434036
IFI35,0.0,0.68648803,0.34324402
FAM127A,0.0,0.68641245,0.34320623
LINC01122,0.0,0.68624735,0.34312367
CTD-2283N19.1,0.0,0.6851681,0.34258404
ARHGAP31-AS1,0.0,0.6847792,0.3423896
HLA-DQB1,0.0,0.68367255,0.34183627
FPR1,0.0,0.68191296,0.34095648
SMPDL3A,0.0,0.6817477,0.34087384
BTK,0.0,0.68055594,0.34027797
MARCKSL1,0.0,0.67905444,0.33952722
ATP8B3,0.0,0.6790283,0.33951414
DPY19L4,0.0,0.67850375,0.33925188
PDIA3,0.0,0.6780293,0.33901465
HLA-DPB1,0.0,0.6777265,0.33886325
VIPR1,0.0,0.6775052,0.3387526
LINC00936,0.0,0.67732435,0.33866218
MYADM,0.0,0.67687106,0.33843553
STK11IP,0.0,0.67597955,0.33798978
REPS2,0.0,0.67555827,0.33777913
RP11-102N12.3,0.0,0.6747976,0.3373988
LYPD2,0.0,0.6733939,0.33669695
SHPK-1,0.0,0.673235,0.3366175
CTNNBIP1,0.0,0.67283237,0.33641618
GMPR,0.0,0.6698658,0.3349329
FZD2,0.0,0.66936237,0.33468118
TRAPPC3L,0.0,0.66921943,0.33460972
RAB7A,0.0,0.6678395,0.33391976
FOSL2,0.0,0.66775465,0.33387733
CYP27A1,0.0,0.66682816,0.33341408
SEPT4,0.0,0.6663847,0.33319235
PARVB,0.0,0.666319,0.3331595
MYO9B,0.0,0.6660639,0.33303195
GRB2,0.0,0.6656407,0.33282036
EGFL7,0.0,0.6620845,0.33104226
PTGES2,0.0,0.6619556,0.3309778
RELT,0.0,0.6618482,0.3309241
TCEA2,0.0,0.6611774,0.3305887
ZSWIM6,0.0,0.6611362,0.3305681
FAM96B,0.0,0.6600011,0.33000055
PSMC4,0.0,0.659179,0.3295895
UBE2E2-AS1,0.0,0.6590415,0.32952076
CCDC153,0.0,0.65893835,0.32946917
COLGALT1,0.0,0.6565547,0.32827735
CCP110,0.0,0.6560682,0.3280341
AC137932.6,0.0,0.655807,0.3279035
FCGRT,0.0,0.65571,0.327855
EIF2AK4,0.0,0.6552684,0.3276342
CTD-2184C24.2,0.0,0.6549809,0.32749045
GBGT1,0.0,0.6544792,0.3272396
KIF3C,0.0,0.6540361,0.32701805
STX11,0.0,0.6539293,0.32696465
EIF5,0.0,0.6534003,0.32670015
FAM32A,0.0,0.6529946,0.3264973
FTH1,0.017789418,0.6341389,0.32596415
RP11-1055B8.7,0.0,0.6516598,0.3258299
UBE2K,0.0,0.65112776,0.32556388
C1QB,0.0,0.65093374,0.32546687
UQCRC1,0.0,0.65083987,0.32541993
LAMP3,0.0,0.6502966,0.3251483
HDAC9,0.0,0.6501634,0.3250817
HDAC2,0.0,0.6498552,0.3249276
JAZF1,0.0,0.6491683,0.32458416
MPP1,0.0,0.64902943,0.32451472
H2AFY,0.0,0.6489686,0.3244843
NCOR2,0.0,0.6488406,0.3244203
SNX17,0.0,0.648172,0.324086
RP11-122G18.5,0.0,0.6479995,0.32399976
NDUFA2,0.0,0.64748347,0.32374173
CES4A,0.0,0.6469413,0.32347065
DRAM2,0.0,0.6466933,0.32334664
TDRP,0.0,0.6457943,0.32289714
GPX1,0.0,0.64569,0.322845
STK32C,0.0,0.64557064,0.32278532
TXNDC17,0.0,0.64416313,0.32208157
SMARCC2,0.0,0.6435417,0.32177085
TMTC2,0.0,0.64353955,0.32176977
ALDH2,0.0,0.6433414,0.3216707
BCL2A1,0.0,0.64273876,0.32136938
DNAJC15,0.0,0.6424797,0.32123986
ADAP2,0.0,0.64236844,0.32118422
SCP2,0.0,0.64231926,0.32115963
ARF6,0.0,0.6422638,0.3211319
PSMA7,0.0,0.64181995,0.32090998
ETHE1,0.0,0.64124215,0.32062107
CXCL10,0.0,0.6411538,0.3205769
ZNF106,0.0,0.64105916,0.32052958
NDUFA12,0.0,0.64100075,0.32050037
RP1-111C20.4,0.0,0.6407382,0.3203691
DICER1,0.0,0.64052033,0.32026017
MTIF3,0.0,0.63976794,0.31988397
METTL8,0.0,0.6396173,0.31980866
MIS18BP1,0.0,0.6392998,0.3196499
HAVCR2,0.0,0.639235,0.3196175
SPRTN,0.0,0.63805276,0.31902638
CD79B,0.0,0.6376799,0.31883994
BHLHE40-AS1,0.0,0.6374674,0.3187337
CHIC2,0.0,0.6374249,0.31871244
OAS1,0.0,0.6373133,0.31865665
LST1,0.010869061,0.6261101,0.31848958
LSM6,0.0,0.63693905,0.31846952
BACH1,0.0,0.63645875,0.31822938
CISD1,0.0,0.63556296,0.31778148
AC074138.3,0.0,0.6348545,0.31742725
BLOC1S1,0.0,0.6348201,0.31741005
PDIA2,0.0,0.6346241,0.31731206
TNFRSF9,0.0,0.6345359,0.31726795
NONO,0.0,0.63446325,0.31723163
CNPY3,0.0,0.633737,0.3168685
MEG3,0.0,0.6335925,0.31679624
LYZ,0.0055724243,0.6279904,0.31678143
PQBP1,0.0,0.633219,0.3166095
SHPK,0.0,0.63317275,0.31658638
ZNF433,0.0,0.6329396,0.3164698
NKIRAS2,0.0,0.6328818,0.3164409
PHACTR1,0.0,0.63271564,0.31635782
ATP5D,0.0,0.6326761,0.31633806
MDP1,0.0,0.63244104,0.31622052
SCGB1C1,0.0,0.632396,0.316198
HLA-DRB1,0.0,0.6320284,0.3160142
MS4A6A,0.0,0.6319755,0.31598774
C10orf32,0.0,0.6317484,0.3158742
SERPINB1,0.0,0.6315074,0.3157537
NOP58,0.0,0.63130933,0.31565467
KLF11,0.0,0.6302169,0.31510845
TNNI2,0.0,0.62995213,0.31497607
AHSA1,0.0,0.62992555,0.31496277
CRTAP,0.0,0.62972057,0.31486028
MPV17,0.0,0.6296885,0.31484425
DAGLB,0.0,0.62964094,0.31482047
TRIM16L,0.0,0.62922585,0.31461293
CCDC115,0.0,0.629126,0.314563
ACPP,0.0,0.628942,0.314471
FAM71A,0.0,0.62892604,0.31446302
CDV3,0.0,0.6281738,0.3140869
AGO4,0.0,0.62810844,0.31405422
KARS,0.0,0.62783134,0.31391567
RP4-781K5.2,0.0,0.6274741,0.31373706
NCF2,0.0,0.625808,0.312904
CSRNP1,0.0,0.6257437,0.31287184
SLC19A1,0.0,0.62446797,0.31223398
MFSD1,0.0,0.62443084,0.31221542
DNASE1L3,0.0,0.62364924,0.31182462
GYG1,0.0,0.6233798,0.3116899
FANCI,0.0,0.6227131,0.31135654
EPHB4,0.0,0.622621,0.3113105
S100A6,0.0001742652,0.622385,0.31127965
VDAC3,0.0,0.6224614,0.3112307
TNFSF10,0.0,0.62191,0.310955
XPNPEP1,0.0,0.62136304,0.31068152
ATP6V1C1,0.0,0.62133276,0.31066638
F11R,0.0,0.6206249,0.31031245
PRKCB,0.0,0.6203464,0.3101732
HDAC5,0.0,0.6202598,0.3101299
C9orf142,0.0,0.6196549,0.30982745
HVCN1,0.0,0.6196158,0.3098079
PRR5,0.0,0.6195819,0.30979094
HDGF,0.0,0.6195287,0.30976436
RP1-20N2.6,0.0,0.61951214,0.30975607
ANAPC13,0.0,0.61932063,0.30966032
PLBD1,0.0,0.6191292,0.3095646
FCER1G,0.013929402,0.6049309,0.30943015
TNFRSF1B,0.0,0.6183417,0.30917084
CTD-3214H19.4,0.0,0.6174984,0.3087492
LGALSL,0.0,0.6159827,0.30799136
GOLGB1,0.0,0.6158752,0.3079376
ICAM2,0.0,0.6156423,0.30782115
GNG11,0.0,0.61537594,0.30768797
PARL,0.0,0.6149471,0.30747354
RASGRP4,0.0,0.61479247,0.30739623
PLAGL2,0.0,0.614652,0.307326
APOBEC3G,0.0,0.6145416,0.3072708
ATG16L1,0.0,0.6140218,0.3070109
RP11-701P16.5,0.0,0.61371726,0.30685863
COTL1,0.0,0.6135593,0.30677965
SRGN,0.0,0.61325663,0.30662832
FCN1,0.0,0.6128409,0.30642045
VAMP8,0.0,0.6127208,0.3063604
B2M,0.0,0.61262566,0.30631283
CXCR1,0.0,0.61233103,0.30616552
PYCARD,0.0,0.61226034,0.30613017
CTTN,0.0,0.6122059,0.30610296
RP11-532F6.3,0.0,0.61181986,0.30590993
TMEM62,0.0,0.61145246,0.30572623
SNRNP27,0.0,0.6114074,0.3057037
F13A1,0.0,0.6108089,0.30540445
TMEM40,0.0,0.61028874,0.30514437
RP11-804A23.4,0.0,0.61023736,0.30511868
C14orf166,0.0,0.61017406,0.30508703
SLC6A6,0.0,0.6087343,0.30436715
FMO4,0.0,0.6082254,0.3041127
TMEM102,0.0,0.6081241,0.30406204
IDH1,0.0,0.6074956,0.3037478
MBNL1-AS1,0.0,0.6074247,0.30371234
DENND5A,0.0,0.6067087,0.30335435
ISG20L2,0.0,0.6060305,0.30301526
RP11-977G19.12,0.0,0.60582525,0.30291262
ESAM,0.0,0.60556674,0.30278337
UBXN4,0.0,0.60530955,0.30265477
S100P,0.0,0.6051788,0.3025894
ARHGAP24,0.0,0.6050487,0.30252436
GALK1,0.0,0.604881,0.3024405
GOSR2,0.0,0.60471094,0.30235547
RPL13,0.0,0.6045853,0.30229264
CTD-2368P22.1,0.0,0.6045045,0.30225226
PPP2R3C,0.0,0.60426486,0.30213243
ZNF425,0.0,0.60403466,0.30201733
TREX1,0.0,0.6035101,0.30175504
NDUFS1,0.0,0.6029736,0.3014868
PCMT1,0.0,0.6025942,0.3012971
LNP1,0.0,0.60215235,0.30107617
LRRK2,0.0,0.60199225,0.30099612
ATXN1L,0.0,0.6018995,0.30094975
CDC37,0.0,0.6016808,0.3008404
ARSD,0.0,0.60160005,0.30080003
UBE2D1,0.0,0.60157394,0.30078697
LYSMD4,0.0,0.6015163,0.30075815
DLST,0.0,0.6014355,0.30071774
TPD52L2,0.0,0.6009308,0.3004654
RP11-203B7.2,0.0,0.6008888,0.3004444
VAMP5,0.0,0.6007911,0.30039555
GAS2L1,0.0,0.6007255,0.30036274
HNRNPM,0.0,0.60066915,0.30033457
PRDX3,0.0,0.5992082,0.2996041
ABHD5,0.0,0.599202,0.299601
ARL6IP5,0.0,0.5991815,0.29959074
AK4,0.0,0.5990985,0.29954925
SIK1,0.0,0.5987891,0.29939455
TRPM4,0.0,0.5987604,0.2993802
EWSR1,0.0,0.5983979,0.29919896
CAPZA2,0.0,0.5979109,0.29895544
TMEM14C,0.0,0.5972554,0.2986277
LAMTOR5,0.0,0.59707165,0.29853582
C9orf69,0.0,0.5970115,0.29850575
ZNF436,0.0,0.5967411,0.29837054
SLAMF9,0.0,0.59647274,0.29823637
ZNF594,0.0,0.59619665,0.29809833
QSOX1,0.0,0.5961254,0.2980627
SIGLEC14,0.0,0.5959261,0.29796305
CAT,0.0,0.5948068,0.2974034
HMGCL,0.0,0.5946998,0.2973499
KCNN3,0.0,0.59445244,0.29722622
PKN2,0.0,0.5944423,0.29722115
SAMD1,0.0,0.5942656,0.2971328
ATP6V1F,0.0,0.5939096,0.2969548
CHMP4A,0.0,0.5937998,0.2968999
MALAT1,0.0,0.59376585,0.29688293
TAF10,0.0,0.5933681,0.29668406
ICOSLG,0.0,0.5928088,0.2964044
MTCH2,0.0,0.5927635,0.29638174
PDZD11,0.0,0.59273636,0.29636818
NPC2,0.0,0.59268844,0.29634422
MANBA,0.0,0.5925136,0.2962568
IGLL5,0.0,0.59248126,0.29624063
hsa-mir-1199,0.0,0.5923171,0.29615855
RARA,0.0,0.5922898,0.2961449
CCDC62,0.0,0.59202325,0.29601163
TCP1,0.0,0.59126395,0.29563197
TMEM208,0.0,0.59120166,0.29560083
EXOC6,0.0,0.5909239,0.29546195
PBRM1,0.0,0.5904292,0.2952146
EAPP,0.0,0.5902367,0.29511836
PPP2R1B,0.0,0.5901892,0.2950946
CLPX,0.0,0.58982724,0.29491362
CLIP2,0.0,0.5897813,0.29489064
LGALS1,0.010241066,0.57945174,0.29484642
LBX2,0.0,0.5896202,0.2948101
AC005082.12,0.0,0.5890114,0.2945057
TMEM199,0.0,0.58889943,0.29444972
ARPC4,0.0,0.5887391,0.29436955
CXCL3,0.0,0.5887388,0.2943694
ITPA,0.0,0.5886088,0.2943044
MIR4523,0.0,0.5885346,0.2942673
RP11-145M9.4,0.0,0.58825165,0.29412583
HIST1H2AC,0.0,0.5881963,0.29409814
AC007879.7,0.0,0.58804834,0.29402417
SLC39A1,0.0,0.5877441,0.29387206
HEMK1,0.0,0.58773476,0.29386738
RNASE3,0.0,0.5875462,0.2937731
SUOX,0.0,0.58731425,0.29365712
ZNF593,0.0,0.58693045,0.29346523
TREML1,0.0,0.5862819,0.29314095
CTA-331P3.1,0.0,0.5862374,0.2931187
RNF25,0.0,0.58623123,0.29311562
ARRB2,0.0,0.58598244,0.29299122
PCNA,0.0,0.585957,0.2929785
CPNE5,0.0,0.58587426,0.29293713
TMEM104,0.0,0.58531,0.292655
INIP,0.0,0.58522415,0.29261208
RP11-219B4.7,0.0,0.58493125,0.29246563
C1QC,0.0,0.5848546,0.2924273
LY6G5B,0.0,0.5847514,0.2923757
RP11-805J14.5,0.0,0.58441806,0.29220903
LIMD2,0.0,0.5843079,0.29215395
SAT1,0.0007814363,0.58335567,0.29206854
SARDH,0.0,0.583686,0.291843
MICU1,0.0,0.5836732,0.2918366
KLHL6,0.0,0.5829378,0.2914689
RP11-231D20.2,0.0,0.5829111,0.29145554
FERMT3,0.0,0.5828649,0.29143244
SMAP2,0.0,0.5827555,0.29137775
SIAH2,0.0,0.5826424,0.2913212
RNF187,0.0,0.5825861,0.29129305
PRELID2,0.0,0.5815707,0.29078534
C6orf25,0.0,0.5812301,0.29061505
TFAM,0.0,0.58065975,0.29032987
ACRBP,0.0,0.58032477,0.29016238
PIGU,0.0,0.58003056,0.29001528
MADD,0.0,0.57997924,0.28998962
DUSP10,0.0,0.57984066,0.28992033
ATG7,0.0,0.5798007,0.28990036
CCT7,0.0,0.57973194,0.28986597
HAGH,0.0,0.5796663,0.28983316
CCDC124,0.0,0.5795244,0.2897622
SMIM5,0.0,0.57920504,0.28960252
RWDD4,0.0,0.57902974,0.28951487
PRKAR2B,0.0,0.5789078,0.2894539
TBC1D23,0.0,0.57863224,0.28931612
CD9,0.0,0.5785324,0.2892662
MT-CO2,0.0,0.5785137,0.28925684
NT5M,0.0,0.5783077,0.28915384
POLA1,0.0,0.5782358,0.2891179
PDZK1IP1,0.0,0.5780419,0.28902096
ZNF503,0.0,0.57802844,0.28901422
DNAJC7,0.0,0.5777243,0.28886214
JARID2,0.0,0.5777095,0.28885475
MMP9,0.0,0.57764775,0.28882387
CEACAM4,0.0,0.57759523,0.28879762
CCL4L1,0.0,0.57738304,0.28869152
LGALS3,0.0,0.57731175,0.28865588
CIDEB,0.0,0.5772626,0.2886313
RP11-46H11.12,0.0,0.5771297,0.28856486
LYRM2,0.0,0.5770347,0.28851736
C4orf3,0.0,0.5769335,0.28846675
ISY1,0.0,0.5768519,0.28842595
C14orf80,0.0,0.57684624,0.28842312
ACTN4,0.0,0.5767812,0.2883906
C7orf26,0.0,0.57677525,0.28838763
FAM212A,0.0,0.57599586,0.28799793
IDH3G,0.0,0.57586336,0.28793168
ST20,0.0,0.57581925,0.28790963
NABP1,0.0,0.57570565,0.28785282
LRCH4,0.0,0.5753543,0.28767714
MYBPC3,0.0,0.57528454,0.28764227
SRPR,0.0,0.5751278,0.2875639
ANKRD9,0.0,0.574958,0.287479
ZNF404,0.0,0.5748482,0.2874241
CTSS,0.0,0.5747975,0.28739876
MGMT,0.0,0.5747464,0.2873732
PUM1,0.0,0.57464546,0.28732273
ZNF468,0.0,0.5744504,0.2872252
AIF1,0.0,0.5742043,0.28710216
PSMB8,0.0,0.574152,0.287076
IFI44,0.0,0.5736943,0.28684714
STOML2,0.0,0.5736486,0.2868243
MPST,0.0,0.5735071,0.28675354
C1orf50,0.0,0.5734438,0.2867219
YPEL2,0.0,0.57339275,0.28669637
NFAT5,0.0,0.5733029,0.28665146
CYTH2,0.0,0.57311785,0.28655893
CPSF3L,0.0,0.57311034,0.28655517
KCNK6,0.0,0.5730942,0.2865471
SWAP70,0.0,0.57304007,0.28652003
VPS28,0.0,0.572954,0.286477
SEPT5,0.0,0.57294387,0.28647193
CAMK1D,0.0,0.57277614,0.28638807
RASD1,0.0,0.5726818,0.2863409
RALY,0.0,0.5725747,0.28628734
ZNF397,0.0,0.57251096,0.28625548
LINC01003,0.0,0.57201594,0.28600797
CTBP2,0.0,0.5715163,0.28575814
ZYX,0.0,0.57148653,0.28574327
NAT9,0.0,0.5714858,0.2857429
S100A4,9.0551424e-05,0.5713519,0.2857212
ZNF615,0.0,0.571259,0.2856295
PCGF1,0.0,0.5712433,0.28562164
ALKBH7,0.0,0.5711834,0.2855917
PRDX4,0.0,0.5710418,0.2855209
HLA-DRA,0.0,0.5706813,0.28534064
CA2,0.0,0.5706678,0.2853339
NDUFB8-1,0.0,0.5704952,0.2852476
SURF1,0.0,0.57039416,0.28519708
WDYHV1,0.0,0.57039326,0.28519663
VPS26B,0.0,0.5703394,0.2851697
MSANTD1,0.0,0.5703004,0.2851502
CKS1B,0.0,0.57024777,0.28512388
DDT,0.0,0.5702242,0.2851121
ABHD12,0.0,0.5698028,0.2849014
DDX17,0.0,0.56976616,0.28488308
MCF2L,0.0,0.56965053,0.28482527
PLRG1,0.0,0.5690551,0.28452754
SNX14,0.0,0.5690201,0.28451005
FAM96A,0.0,0.5690147,0.28450736
WARS2,0.0,0.5690109,0.28450546
RPS27A,0.0,0.56884205,0.28442103
ENKUR,0.0,0.56873906,0.28436953
NF1,0.0,0.56856346,0.28428173
FBXO25,0.0,0.56816894,0.28408447
RILPL2,0.0,0.5681501,0.28407505
EID2,0.0,0.56807965,0.28403983
OTUB1,0.0,0.5680524,0.2840262
KCNQ1OT1,0.0,0.56802624,0.28401312
TMEM60,0.0,0.56801265,0.28400633
PTGDR2,0.0,0.5676329,0.28381646
RNF7,0.0,0.56735045,0.28367522
MLEC,0.0,0.5668054,0.2834027
NFE2L2,0.0,0.566674,0.283337
SDPR,0.0,0.5662273,0.28311366
PARP1,0.0,0.5658936,0.2829468
SNAPIN,0.0,0.56560534,0.28280267
LAT2,0.0,0.56514895,0.28257447
WNT5B,0.0,0.56480604,0.28240302
PROK2,0.0,0.5644178,0.2822089
NDUFB10,0.0,0.5641653,0.28208265
CLEC10A,0.0,0.564105,0.2820525
ERBB3,0.0,0.5639064,0.2819532
HMBOX1,0.0,0.56349784,0.28174892
RPN2,0.0,0.56317663,0.28158832
ECHDC1,0.0,0.5631441,0.28157204
CORO7,0.0,0.5628085,0.28140426
RBM5,0.0,0.5627322,0.2813661
GBP1,0.0,0.56224257,0.28112128
MAP3K7CL,0.0,0.5622046,0.2811023
RPS19BP1,0.0,0.5619232,0.2809616
MID1IP1,0.0,0.56173027,0.28086513
PEX16,0.0,0.56131035,0.28065518
CTC-378H22.1,0.0,0.5612459,0.28062296
SMIM12,0.0005541868,0.56064737,0.2806008
YPEL3,0.0,0.5608945,0.28044724
WIBG,0.0,0.56043786,0.28021893
NUDT5,0.0,0.55997413,0.27998707
TMEM9B,0.0,0.55936956,0.27968478
RP11-139H15.1,0.0,0.55899274,0.27949637
FBXW4,0.0,0.5587558,0.2793779
SLC22A4,0.0,0.5586351,0.27931756
ZBP1,0.0,0.558622,0.279311
C10orf25,0.0,0.5586098,0.2793049
BLZF1,0.0,0.55836064,0.27918032
ATP5C1,0.0,0.55817205,0.27908602
RAB38,0.0,0.55816805,0.27908403
ARHGAP19,0.0,0.5580341,0.27901706
MRPL21,0.0,0.55780953,0.27890477
CHPF2,0.0,0.5572426,0.2786213
BRAT1,0.0,0.5572347,0.27861735
ACAP1,0.0,0.5567461,0.27837306
ACTB,0.0,0.5566375,0.27831876
INTS12,0.0,0.5565146,0.2782573
CORO1C,0.0,0.55651057,0.27825528
VAPA,0.0,0.55638885,0.27819443
BCDIN3D,0.0,0.5562094,0.2781047
ZNF263,0.0,0.55614257,0.27807128
PPT1,0.0,0.55550694,0.27775347
TEX2,0.0,0.5554912,0.2777456
TANGO6,0.0,0.5552579,0.27762896
CDC40,0.0,0.5550626,0.2775313
DDX1,0.0,0.5550171,0.27750856
DMAP1,0.0,0.55478245,0.27739123
UBXN1,0.0,0.55452853,0.27726427
AC004257.3,0.0,0.55445755,0.27722877
SETD5,0.0,0.5544375,0.27721876
IL1RAP,0.0,0.5541849,0.27709246
LUC7L,0.0,0.55394435,0.27697217
VTI1B,0.0,0.5539143,0.27695715
GRPEL1,0.0,0.5538452,0.2769226
IQCE,0.0,0.55384094,0.27692047
LTB,0.00025839737,0.5532056,0.276732
FADS1,0.0,0.5534366,0.2767183
LINC00984,0.0,0.5530969,0.27654845
SPG7,0.0,0.55307066,0.27653533
ANAPC4,0.0,0.5530542,0.2765271
TNS1,0.0,0.5529039,0.27645195
C12orf10,0.0,0.5524206,0.2762103
KDM3B,0.0,0.55239856,0.27619928
SIRT6,0.0,0.55238575,0.27619287
KIF3A,0.0,0.5521811,0.27609056
SPARC,0.0,0.55193603,0.27596802
PSMB6,0.0,0.5518212,0.2759106
BAZ2A,0.0,0.55173594,0.27586797
WDR55,0.0,0.5516834,0.2758417
TRIM14,0.0,0.5516381,0.27581906
TAF6L,0.0,0.5516302,0.2758151
CIAPIN1,0.0,0.55154645,0.27577323
RBM25,0.0,0.551419,0.2757095
ATXN10,0.0,0.5513436,0.2756718
CD74,0.0,0.5512151,0.27560756
PLA2G4C,0.0,0.5508306,0.2754153
BRWD1,0.0,0.55076,0.27538
IP6K1,0.0,0.5506837,0.27534184
JKAMP,0.0,0.55067664,0.27533832
RAD23A,0.0,0.55024654,0.27512327
CDA,0.0,0.55005395,0.27502698
RNF213,0.0,0.55000424,0.27500212
UBE2E1,0.0,0.54987806,0.27493903
AC004069.2,0.0,0.5496439,0.27482194
SLC40A1,0.0,0.5496323,0.27481616
LMAN2,0.0,0.549481,0.2747405
IFI30,0.0,0.5492641,0.27463204
SLC27A1,0.0,0.54913324,0.27456662
SNX5,0.0,0.54912233,0.27456117
FAXDC2,0.0,0.54901826,0.27450913
IRF8,0.0,0.54884505,0.27442253
TRAPPC3,0.0,0.54845357,0.27422678
TGOLN2,0.0,0.54842544,0.27421272
RPS3A,0.0,0.54808944,0.27404472
CLU,0.0,0.5478407,0.27392036
RP5-894A10.2,0.0,0.5475943,0.27379715
TIMM10B,0.0,0.54752403,0.27376202
SMARCA4,0.0,0.54738027,0.27369013
ISOC2,0.0,0.54718614,0.27359307
LAMP2,0.0,0.5471025,0.27355126
SPHK1,0.0,0.5470826,0.2735413
DNMT3A,0.0,0.5467813,0.27339065
DENND6A,0.0,0.54675925,0.27337962
DEF6,0.0,0.5466722,0.2733361
SKAP2,0.0,0.5465447,0.27327234
SPG20,0.0,0.5465302,0.2732651
TBCK,0.0,0.54643244,0.27321622
PDK2,0.0,0.54636675,0.27318338
ATP5SL,0.0,0.5462962,0.2731481
UBE2Q1,0.0,0.5462658,0.2731329
OAZ1,0.0,0.54587847,0.27293923
TMED5,0.0,0.54584855,0.27292427
ARG2,0.0,0.5458217,0.27291086
CD47,0.0,0.54564047,0.27282023
PCYT1A,0.0,0.54545057,0.27272528
ZNF747,0.0,0.54530406,0.27265203
LPGAT1,0.0,0.54503345,0.27251673
NAPA-AS1,0.0,0.54479694,0.27239847
C16orf74,0.0,0.5447489,0.27237445
AKAP8,0.0,0.54464906,0.27232453
BMPR2,0.0,0.5445992,0.2722996
C18orf21,0.0,0.544354,0.272177
IFIT1,0.0,0.54423654,0.27211827
EIF2S1,0.0,0.54417884,0.27208942
USP8,0.0,0.5441495,0.27207476
GLRX3,0.0,0.5441191,0.27205956
TLR3,0.0,0.54411334,0.27205667
RPL39L,0.0,0.5436769,0.27183846
LYPLA1,0.0,0.5434921,0.27174604
PRSS23,0.0,0.54343843,0.27171922
PLCB2,0.0,0.5433306,0.2716653
AC005264.2,0.0,0.5432519,0.27162594
CASP4,0.0,0.5431932,0.2715966
C4orf33,0.0,0.54299974,0.27149987
APH1B,0.0,0.54294956,0.27147478
C5orf56,0.0,0.5429041,0.27145204
CPQ,0.0,0.5428493,0.27142465
SLC25A14,0.0,0.54266024,0.27133012
TTC3,0.0,0.54253316,0.27126658
FAM120A,0.0,0.5423644,0.2711822
CTF1,0.0,0.5421179,0.27105895
MRPS18A,0.0,0.54197645,0.27098823
GP9,0.0,0.54185766,0.27092883
TALDO1,0.0,0.54177606,0.27088803
MARCH2,0.0,0.54176414,0.27088207
CD1C,0.0,0.5416989,0.27084944
RP11-178L8.7,0.0,0.541621,0.2708105
TTC8,0.0,0.5413688,0.2706844
SNX9,0.0,0.5413577,0.27067885
ST3GAL2,0.0,0.54131687,0.27065843
CCDC40,0.0,0.5412553,0.27062765
CACNA1C-AS1,0.0,0.5411169,0.27055845
OXLD1,0.0,0.5409703,0.27048516
TBCB,0.0,0.54085255,0.27042627
MMADHC,0.0,0.5407167,0.27035835
LYAR,0.0,0.5405656,0.2702828
PHF14,0.0,0.5404501,0.27022505
SDCCAG8,0.0,0.5403589,0.27017945
RDH14,0.0,0.54033947,0.27016973
RFXANK,0.0,0.5401855,0.27009276
PF4,0.0,0.5401336,0.2700668
EVA1B,0.0,0.5400987,0.27004936
RP11-356N1.2,0.0,0.5400151,0.27000755
PRNP,0.0,0.5399258,0.2699629
GLTP,0.0,0.5399132,0.2699566
ADSL,0.0,0.53980446,0.26990223
CDC42BPB,0.0,0.53969723,0.26984861
CXXC1,0.0,0.53968155,0.26984078
TCEAL8,0.0,0.53964454,0.26982227
CTD-2537I9.12,0.0,0.5395311,0.26976556
PNRC1,0.0,0.53950316,0.26975158
EPN1,0.0,0.539498,0.269749
RIT1,0.0,0.5394747,0.26973736
SDHB,0.0,0.5390428,0.2695214
SAMD3,0.0,0.53878593,0.26939297
SUMO3,0.0,0.53873116,0.26936558
CNIH4,0.0,0.53865653,0.26932827
LRRC59,0.0,0.53843665,0.26921833
RP11-211G3.2,0.0,0.53833383,0.26916692
POLR2E,0.0,0.53822374,0.26911187
PARS2,0.0,0.53820574,0.26910287
CSNK1A1,0.0,0.5380917,0.26904586
IL16,0.0,0.5379095,0.26895475
DDX46,0.0,0.53770494,0.26885247
CHERP,0.0,0.53753257,0.26876628
THEM4,0.0,0.5374896,0.2687448
AKR1C3,0.0,0.53748804,0.26874402
CSRP1,0.0,0.5373625,0.26868126
IFT20,0.0,0.53684735,0.26842368
CEPT1,0.0,0.53682303,0.26841152
EPB41L4A,0.0,0.53654814,0.26827407
UCK1,0.0,0.53652614,0.26826307
PGRMC1,0.0,0.536477,0.2682385
KIR2DL3,0.0,0.53644943,0.26822472
C9orf3,0.0,0.5362971,0.26814854
SH3BGRL2,0.0,0.5361789,0.26808944
ZFX,0.0,0.5359823,0.26799116
KIR3DL2,0.0,0.53557247,0.26778623
NME6,0.0,0.5355369,0.26776844
LONRF1,0.0,0.5354069,0.26770344
MYO1E,0.0,0.5353118,0.2676559
LPIN1,0.0,0.53526807,0.26763403
RPPH1,0.0,0.5352515,0.26762575
POLR3K,0.0,0.5348015,0.26740074
PITPNM1,0.0,0.5347427,0.26737136
DIAPH1,0.0,0.5346808,0.2673404
C5AR2,0.0,0.534537,0.2672685
ILF3,0.0,0.53446835,0.26723418
CTNND1,0.0,0.5342489,0.26712444
GARS,0.0,0.53402215,0.26701108
SRSF5,0.0,0.5337721,0.26688606
FAM43A,0.0,0.5335703,0.26678514
STUB1,0.0,0.5335481,0.26677406
RP11-398C13.6,0.0,0.53348386,0.26674193
UTP6,0.0,0.5334814,0.2667407
LTB4R,0.0,0.5333537,0.26667684
DOHH,0.0,0.5332465,0.26662326
RUNDC1,0.0,0.53320825,0.26660413
GUCD1,0.0,0.5329388,0.2664694
MAT2A,0.0,0.5328144,0.2664072
RP11-783K16.13,0.0,0.5326987,0.26634935
RAPSN,0.0,0.5326658,0.2663329
YWHAG,0.0,0.5326609,0.26633045
TMEM140,0.0,0.532613,0.2663065
KLC4,0.0,0.5324552,0.2662276
HDDC3,0.0,0.53241915,0.26620957
CLEC4C,0.0,0.53225386,0.26612693
PLEKHB2,0.0,0.5322426,0.2661213
LDOC1L,0.0,0.5319407,0.26597035
ALKBH4,0.0,0.53186965,0.26593482
FCER1A,0.0,0.53176117,0.26588058
DSCR3,0.0,0.53167313,0.26583657
CTC-444N24.11,0.0,0.53165334,0.26582667
NT5C,0.0,0.5316268,0.2658134
AAGAB,0.0,0.5315709,0.26578546
HELQ,0.0,0.5314593,0.26572964
ARHGAP18,0.0,0.5314566,0.2657283
PRKD2,0.0,0.5311891,0.26559454
CDC42EP3,0.0,0.53098834,0.26549417
PAWR,0.0,0.53095484,0.26547742
ZMAT5,0.0,0.53088707,0.26544353
SPON2,0.0,0.53085524,0.26542762
CPNE2,0.0,0.53067046,0.26533523
GGNBP2,0.0,0.53053683,0.26526842
RBM4,0.0,0.5304074,0.2652037
RP11-672A2.6,0.0,0.53036565,0.26518282
EIF1AY,0.0,0.5302534,0.2651267
PRR5L,0.0,0.53018636,0.26509318
CCL5,0.0,0.53010863,0.26505432
RP11-488C13.5,0.0,0.53005874,0.26502937
BTN3A2,0.0,0.5299202,0.2649601
AP000282.2,0.0,0.5298852,0.2649426
FAM27A,0.0,0.5296905,0.26484525
PFDN2,0.0,0.52952206,0.26476103
ABT1,0.0,0.52939576,0.26469788
SCFD1,0.0,0.5293703,0.26468515
DCP2,0.0,0.52903485,0.26451743
SPPL2A,0.0,0.5287441,0.26437205
RABIF,0.0,0.52868843,0.26434422
RASGRP2,0.0,0.52863127,0.26431563
HDLBP,0.0,0.52828103,0.26414052
UIMC1,0.0,0.5282798,0.2641399
GIT2,0.0,0.52822006,0.26411003
TLE4,0.0,0.52789223,0.26394612
CLDN5,0.0,0.52785254,0.26392627
C5orf15,0.0,0.5278444,0.2639222
PACSIN2,0.0,0.5277735,0.26388675
MNAT1,0.0,0.5277575,0.26387876
CWC27,0.0,0.52769244,0.26384622
PEX19,0.0,0.5276858,0.2638429
TMPRSS11E,0.0,0.52758557,0.26379278
PRDX1,0.0,0.5274943,0.26374716
TMBIM4-1,0.0,0.52746737,0.26373369
SAMD9L,0.0,0.52746624,0.26373312
RP1-315G1.3,0.0,0.52733487,0.26366743
SIVA1,0.0,0.5272503,0.26362514
MED30,0.0,0.52717006,0.26358503
SNAP47,0.0,0.52698404,0.26349202
TMEM222,0.0,0.52696216,0.26348108
HENMT1,0.0,0.52684766,0.26342383
UBE2D4,0.0,0.5266631,0.26333156
ARID4A,0.0,0.5266616,0.2633308
EARS2,0.0,0.52663344,0.26331672
PRKACB,0.0,0.5264309,0.26321545
FAAH,0.0,0.5264209,0.26321045
GJC3,0.0,0.52640754,0.26320377
MIS18A,0.0,0.52639115,0.26319557
RELB,0.0,0.52627134,0.26313567
NIT2,0.0,0.5260817,0.26304084
C2CD4D,0.0,0.5259614,0.2629807
MRPS12,0.0,0.5257001,0.26285005
NELFB,0.0,0.5256776,0.2628388
CD79A,0.0,0.525475,0.2627375
BABAM1,0.0,0.5253421,0.26267105
LRIG2,0.0,0.5252129,0.26260644
DENND2D,0.0,0.5250575,0.26252875
ZNF688,0.0,0.5249346,0.2624673
DOK3,0.0,0.5249112,0.2624556
GFER,0.0,0.5248384,0.2624192
TSPAN33,0.0,0.5247108,0.2623554
WNK1,0.0,0.52464557,0.26232278
PSMD14,0.0,0.52461576,0.26230788
NFKBIL1,0.0,0.5244928,0.2622464
SARS,0.0,0.52448106,0.26224053
BET1,0.0,0.52447677,0.26223838
PHACTR4,0.0,0.5241647,0.26208234
KIAA0101,0.0,0.5240877,0.26204386
GZMB,0.0,0.52406704,0.26203352
EIF2B1,0.0,0.52387786,0.26193893
TIMMDC1,0.0,0.52373546,0.26186773
SENCR,0.0,0.5235996,0.2617998
KCNG1,0.0,0.5235912,0.2617956
GGA3,0.0,0.5234698,0.2617349
RP11-792A8.4,0.0,0.5232337,0.26161686
DTYMK,0.0,0.5231798,0.2615899
TAL1,0.0,0.5231694,0.2615847
FASTKD1,0.0,0.52312154,0.26156077
HMGXB4,0.0,0.5230822,0.2615411
EHMT2,0.0,0.5230017,0.26150084
SELPLG,0.0,0.52298516,0.26149258
FKBP3,0.0,0.522645,0.2613225
HIST1H2BJ,0.0,0.52261317,0.26130658
SCN1B,0.0,0.5225735,0.26128674
DHX15,0.0,0.5224515,0.26122576
TMEM80,0.0,0.522374,0.261187
PLD6,0.0,0.52236354,0.26118177
BGLAP,0.0,0.521993,0.2609965
CDKN2A,0.0,0.52188456,0.26094228
COMMD4,0.0,0.52176607,0.26088303
SREBF1,0.0,0.5217435,0.26087174
RAB9A,0.0,0.5216773,0.26083866
KIFC3,0.0,0.52154964,0.26077482
TTC14,0.0,0.5215126,0.2607563
C16orf13,0.0,0.5214973,0.26074865
MAP2K7,0.0,0.52149373,0.26074687
RPA4,0.0,0.52138567,0.26069283
PPBP,0.0,0.5213745,0.26068726
QRICH1,0.0,0.5212041,0.26060206
DPH6,0.0,0.5211575,0.26057875
VMAC,0.0,0.52113795,0.26056898
GIMAP7,0.0,0.5209628,0.2604814
NR2C1,0.0,0.5208588,0.2604294
ALG5,0.0,0.520858,0.260429
CARHSP1,0.0,0.5207924,0.2603962
YIPF5,0.0,0.5201165,0.26005825
SLC50A1,0.0,0.51995116,0.25997558
AP4S1,0.0,0.5196352,0.2598176
STAU1,0.0,0.51956373,0.25978187
GTF2B,0.0,0.51951975,0.25975987
HOPX,0.0,0.5195131,0.25975654
RAB21,0.0,0.5195019,0.25975096
C2orf88,0.0,0.5194428,0.2597214
BMP8B,0.0,0.5192941,0.25964704
GPR56,0.0,0.51893425,0.25946712
SHARPIN,0.0,0.5189306,0.2594653
TMX2,0.0,0.51870567,0.25935283
USP38,0.0,0.51854706,0.25927353
MRPL19,0.0,0.5185391,0.25926954
SERPINF1,0.0,0.51846737,0.25923368
OBSCN,0.0,0.5184454,0.2592227
GATA2,0.0,0.5183525,0.25917625
IDUA,0.0,0.5182894,0.2591447
CTNNBL1,0.0,0.5181055,0.25905275
SYCE1,0.0,0.51808226,0.25904113
HCCS,0.0,0.517978,0.258989
RPH3A,0.0,0.5177458,0.2588729
SMIM14,0.0,0.51755196,0.25877598
ZUFSP,0.0,0.51749015,0.25874507
ZNF330,0.0,0.5174243,0.25871214
TRIP11,0.0,0.51720214,0.25860107
TGFBRAP1,0.0,0.51708204,0.25854102
ZRANB3,0.0,0.5170711,0.25853556
KIAA0196,0.0,0.5168524,0.2584262
MYL9,0.0,0.5167893,0.25839466
NEK8,0.0,0.5167797,0.25838986
GTPBP6,0.0,0.51665884,0.25832942
ELOF1,0.0,0.5164878,0.2582439
GOT2,0.0,0.51648515,0.25824258
MED28,0.0,0.5163075,0.25815374
SDAD1,0.0,0.5162062,0.2581031
FEM1A,0.0,0.5157837,0.25789186
MRPS23,0.0,0.51578265,0.25789133
LIX1L,0.0,0.51564634,0.25782317
SETD1B,0.0,0.5153707,0.25768536
AP001189.4,0.0,0.5152993,0.25764966
C17orf59,0.0,0.5152343,0.25761715
ADD1,0.0,0.51507354,0.25753677
PLEKHJ1,0.0,0.51498926,0.25749463
PIGF,0.0,0.5149256,0.2574628
ARHGDIA,0.0,0.5144473,0.25722364
SPRY1,0.0,0.51441187,0.25720593
ASB8,0.0,0.5141913,0.25709566
ATP5H,0.0,0.5141004,0.2570502
NAA25,0.0,0.51409614,0.25704807
CRELD2,0.0,0.5138082,0.2569041
RABL6,0.0,0.51379365,0.25689682
SLA,0.0,0.5136967,0.25684834
RAB2A,0.0,0.51359564,0.25679782
HBP1,0.0,0.513579,0.2567895
ACP1,0.0,0.51330674,0.25665337
SMCHD1,0.0,0.5132803,0.25664014
ZBED5-AS1,0.0,0.5132228,0.2566114
LARS,0.0,0.51316017,0.25658008
RIN2,0.0,0.51315063,0.25657532
DCAF8,0.0,0.51309264,0.25654632
TMBIM6,0.0,0.512985,0.2564925
GZMH,0.0,0.51292,0.25646
LTV1,0.0,0.5127222,0.2563611
RER1,0.0,0.5126153,0.25630766
RP11-423O2.5,0.0,0.51252663,0.25626332
ADPRM,0.0,0.51250887,0.25625443
STX18,0.0,0.51246417,0.25623208
ATAD1,0.0,0.5123735,0.25618675
PPP2CA,0.0,0.5123522,0.2561761
ARL4A,0.0,0.51232743,0.25616372
LILRA4,0.0,0.5122527,0.25612634
EOGT,0.0,0.5122078,0.2561039
DNAJC10,0.0,0.51206106,0.25603053
SDHAF2,0.0,0.5116979,0.25584894
RBPJ,0.0,0.5115995,0.25579974
XRRA1,0.0,0.51152843,0.25576422
C16orf54,0.0,0.511259,0.2556295
FKBP5,0.0,0.5112569,0.25562844
CR1,0.0,0.5109718,0.2554859
PAFAH1B1,0.0,0.5109023,0.25545114
C1GALT1C1,0.0,0.51077896,0.25538948
UBB,0.0,0.51075035,0.25537518
ACOT13,0.0,0.5107454,0.2553727
STAU2,0.0,0.5107274,0.2553637
GPR183,0.0,0.51072454,0.25536227
MRPL1,0.0,0.5106613,0.25533065
CYB561,0.0,0.5106578,0.2553289
SNX20,0.0,0.51064605,0.25532302
LYRM4,0.0,0.51050043,0.25525022
ZNF45,0.0,0.5103484,0.2551742
NIPSNAP3B,0.0,0.51023823,0.25511912
CTA-29F11.1,0.0,0.5102177,0.25510886
USP36,0.0,0.50984716,0.25492358
SAMD4B,0.0,0.5098149,0.25490746
FEM1B,0.0,0.50970745,0.25485373
PDIA5,0.0,0.5096894,0.2548447
PRF1,0.0,0.5096355,0.25481775
GOLT1B,0.0,0.5096207,0.25481036
BNIP2,0.0,0.5093769,0.25468844
GUSB,0.0,0.5093326,0.2546663
MAF1,0.0,0.5091641,0.25458205
NME3,0.0,0.5091411,0.25457054
XXbac-BPG299F13.17,0.0,0.5090186,0.2545093
ARSG,0.0,0.5089294,0.2544647
RAMP1,0.0,0.5088609,0.25443044
ACTR6,0.0,0.50884086,0.25442043
GGA2,0.0,0.50874877,0.25437438
SF3B5,0.0,0.5084759,0.25423795
RP11-65N13.8,0.0,0.50843585,0.25421792
LMF2,0.0,0.5083976,0.2541988
KLRC3,0.0,0.5083443,0.25417215
COQ7,0.0,0.50833666,0.25416833
DTX3,0.0,0.50831634,0.25415817
NUDT16L1,0.0,0.5082959,0.25414795
TMEM50A,0.0,0.50801855,0.25400928
GP1BA,0.0,0.5080046,0.2540023
ELOVL3,0.0,0.50794274,0.25397137
OSBPL1A,0.0,0.50791097,0.25395548
NUDT1,0.0,0.5078198,0.2539099
IFI27,0.0,0.50764054,0.25382027
IGIP,0.0,0.50742596,0.25371298
YEATS2,0.0,0.5072907,0.25364536
IPO9-AS1,0.0,0.5071541,0.25357705
UNC45A,0.0,0.50703037,0.25351518
RP11-810P12.5,0.0,0.5068903,0.25344515
AGPAT1,0.0,0.5068417,0.25342086
IRF9,0.0,0.5068167,0.25340834
DHX34,0.0,0.5067212,0.2533606
KIF5B,0.0,0.50664246,0.25332123
SPATA6,0.0,0.506594,0.253297
ZNF567,0.0,0.506534,0.253267
LINC00957,0.0,0.5064524,0.2532262
NCKAP1,0.0,0.5064455,0.25322276
ELANE,0.0,0.50631684,0.25315842
AURKC,0.0,0.5063031,0.25315154
S100B,0.0,0.5062628,0.2531314
NCOA4,0.0,0.5061647,0.25308236
PPP1R2,0.0,0.5061543,0.25307715
SLC2A13,0.0,0.5060734,0.2530367
TTC30A,0.0,0.5059093,0.25295466
KLHL24,0.0,0.505854,0.252927
C1orf198,0.0,0.5057938,0.2528969
MRPL51,0.0,0.50565785,0.25282893
SYVN1,0.0,0.50564665,0.25282332
MAP3K8,0.0,0.5056352,0.2528176
CASC8,0.0,0.50562453,0.25281227
MEF2C-AS1,0.0,0.505559,0.2527795
MLLT10,0.0,0.5054865,0.25274324
RPUSD4,0.0,0.5054821,0.25274104
WDR91,0.0,0.50544834,0.25272417
TNFSF12,0.0,0.5054052,0.2527026
SLC16A5,0.0,0.5052047,0.25260234
TBPL1,0.0,0.5051823,0.25259116
CELF1,0.0,0.5050111,0.25250554
TRIM8,0.0,0.50500387,0.25250193
RP11-343J3.2,0.0,0.5049986,0.2524993
PPIL2,0.0,0.5049799,0.25248995
MARCH5,0.0,0.50478506,0.25239253
SENP2,0.0,0.5046834,0.2523417
C21orf33,0.0,0.50459075,0.25229537
ARAP1,0.0,0.5045272,0.2522636
IL24,0.0,0.50448394,0.25224197
CTC-444N24.6,0.0,0.5044575,0.25222874
C19orf33,0.0,0.5043717,0.25218585
UBLCP1,0.0,0.5043577,0.25217885
ARRDC3,0.0,0.504298,0.252149
EIF3D,0.0,0.5041956,0.2520978
GMPPA,0.0,0.5041637,0.25208184
RP11-468E2.4,0.0,0.5040671,0.25203356
PARD3,0.0,0.5037787,0.25188935
RGL2,0.0,0.503489,0.2517445
RNF125,0.0,0.50345033,0.25172517
PSMG2,0.0,0.5034382,0.2517191
TOR1A,0.0,0.50333846,0.25166923
COPS4,0.0,0.50333184,0.25166592
NPHP3,0.0,0.50325334,0.25162667
WDR45,0.0,0.50322014,0.25161007
MYCT1,0.0,0.50310683,0.25155342
CTC-297N7.1,0.0,0.50302106,0.25151053
FBXO4,0.0,0.5029433,0.25147164
TTC38,0.0,0.5028188,0.2514094
MFF,0.0,0.5027863,0.25139314
DLK1,0.0,0.50274974,0.25137487
THYN1,0.0,0.5026979,0.25134894
C19orf44,0.0,0.5025222,0.2512611
STMN1,0.0,0.5025146,0.2512573
AL928742.12,0.0,0.5022872,0.2511436
BANP,0.0,0.50221264,0.25110632
ABHD17B,0.0,0.50219274,0.25109637
TMEM18,0.0,0.50210506,0.25105253
HMG20A,0.0,0.5020877,0.25104386
GNPTAB,0.0,0.5019227,0.25096136
PI4KB,0.0,0.50183195,0.25091597
CCL4,0.0,0.50181764,0.25090882
AL928768.3,0.0,0.50168306,0.25084153
ZNF92,0.0,0.5015991,0.25079954
SMTN,0.0,0.5015421,0.25077105
ATP6V0E1,0.0,0.5012242,0.2506121
ARL16,0.0,0.50121254,0.25060627
RCHY1,0.0,0.50086266,0.25043133
RP11-359I18.5,0.0,0.5007484,0.2503742
BAG5,0.0,0.5006274,0.2503137
GIMAP2,0.0,0.5005886,0.2502943
KLF13,0.0,0.50056046,0.25028023
TP63,0.0,0.5002449,0.25012246
RNF14,0.0,0.5002316,0.2501158
GPS1,0.0,0.50003874,0.25001937
CD160,0.0,0.50000244,0.25000122
CD19,0.0,0.49986035,0.24993017
N4BP2L1,0.0,0.499742,0.249871
WBP2NL,0.0,0.49972066,0.24986033
CSNK2B,0.0,0.4996667,0.24983335
RP11-481J2.2,0.0,0.49952608,0.24976304
SULT1C2,0.0,0.49937925,0.24968962
SH3GLB1,0.0,0.49931815,0.24965908
CTC-260E6.6,0.0,0.49922064,0.24961032
SPOCD1,0.0,0.499191,0.2495955
HNRNPH3,0.0,0.49917284,0.24958642
ORAI1,0.0,0.4991327,0.24956635
RALBP1,0.0,0.49902955,0.24951477
FGFBP2,0.0,0.49901587,0.24950793
RP11-816J6.3,0.0,0.4989727,0.24948636
EMG1,0.0,0.49894217,0.24947108
NEFH,0.0,0.4986423,0.24932115
LINC00926,0.0,0.4985551,0.24927755
THUMPD3,0.0,0.49852946,0.24926473
CUL4B,0.0,0.49830416,0.24915208
NPRL2,0.0,0.49822322,0.24911161
DIS3,0.0,0.49812102,0.24906051
XCL1,0.0,0.49811473,0.24905737
CTSW,0.0,0.49802807,0.24901403
PKIG,0.0,0.4980245,0.24901225
USP19,0.0,0.49782845,0.24891423
RP11-420A6.2,0.0,0.49775878,0.24887939
PLEKHF1,0.0,0.49744898,0.24872449
DDB2,0.0,0.49738443,0.24869221
KIAA1429,0.0,0.49737325,0.24868663
PRICKLE1,0.0,0.4973616,0.2486808
NKG7,0.0,0.4973314,0.2486657
PHKG2,0.0,0.49730024,0.24865012
ODC1,0.0,0.4972508,0.2486254
DHRS4,0.0,0.497113,0.2485565
OMG,0.0,0.49710792,0.24855396
MYZAP,0.0,0.49706617,0.24853308
BIRC5,0.0,0.49702173,0.24851087
SEC31A,0.0,0.49681783,0.24840891
SHOC2,0.0,0.49681243,0.24840622
SDCBP2,0.0,0.49674353,0.24837177
PSMC6,0.0,0.49669778,0.24834889
INSL3,0.0,0.4966758,0.2483379
DESI1,0.0,0.49655306,0.24827653
PTGS1,0.0,0.4965421,0.24827105
PGM2,0.0,0.49650833,0.24825417
CELF6-1,0.0,0.49636528,0.24818264
RP3-325F22.5,0.0,0.4960733,0.24803665
TAOK2,0.0,0.49585894,0.24792947
METTL21A,0.0,0.49576843,0.24788421
TMEM242,0.0,0.49576643,0.24788322
RP11-879F14.2,0.0,0.49576378,0.24788189
TMEM14B,0.0,0.4954502,0.2477251
FAM225A,0.0,0.4953392,0.2476696
MZB1,0.0,0.49500048,0.24750024
TEX9,0.0,0.49493167,0.24746583
VSIG10L,0.0,0.49488866,0.24744433
ZNF561,0.0,0.49461436,0.24730718
IRAK4,0.0,0.49456707,0.24728353
RHEBL1,0.0,0.4944109,0.24720545
CASC7,0.0,0.49436703,0.24718352
PRRG2,0.0,0.49433225,0.24716613
ERV3-1,0.0,0.49420533,0.24710266
MKLN1,0.0,0.49403808,0.24701904
KIAA1430,0.0,0.49397883,0.24698941
SIN3A,0.0,0.493753,0.2468765
FRY-AS1,0.0,0.4935741,0.24678706
RP11-152L20.3,0.0,0.4935065,0.24675325
TRIP12,0.0,0.4935043,0.24675214
SRSF3,0.0,0.4934757,0.24673785
CDC16,0.0,0.49344778,0.24672389
XPOT,0.0,0.493372,0.246686
OARD1,0.0,0.49335897,0.24667948
RRAGC,0.0,0.49332264,0.24666132
SRP9,0.0,0.49323446,0.24661723
KLRG1,0.0,0.49314657,0.24657328
MOXD1,0.0,0.49309963,0.24654981
SPEN,0.0,0.49298185,0.24649093
DDX56,0.0,0.4928896,0.2464448
SAAL1,0.0,0.49284104,0.24642052
IFT81,0.0,0.4928218,0.2464109
ORMDL2,0.0,0.49272498,0.24636249
TOMM40,0.0,0.49258694,0.24629347
CTD-2639E6.9,0.0,0.4924702,0.2462351
PRSS27,0.0,0.49229592,0.24614796
OSBPL7,0.0,0.49218422,0.24609211
C15orf57,0.0,0.49207628,0.24603814
SNW1,0.0,0.4920374,0.2460187
FOPNL,0.0,0.49178818,0.24589409
AC093642.3,0.0,0.49163952,0.24581976
RAB1B,0.0,0.491615,0.2458075
NR3C1,0.0,0.49160463,0.24580231
CTD-2302E22.4,0.0,0.4915736,0.2457868
MAP2,0.0,0.49144524,0.24572262
ENHO,0.0,0.49139106,0.24569553
LINC01132,0.0,0.49137974,0.24568987
RPUSD3,0.0,0.49123293,0.24561647
CACNA1F,0.0,0.49118912,0.24559456
ZNF232,0.0,0.49109825,0.24554913
CALD1,0.0,0.49103838,0.24551919
PELI1,0.0,0.49097654,0.24548827
NOC4L,0.0,0.4909547,0.24547735
MFSD10,0.0,0.49088696,0.24544348
RP11-76E12.1,0.0,0.49088338,0.24544169
DCSTAMP,0.0,0.49086645,0.24543323
RBM3,0.0,0.49080172,0.24540086
LINC00494,0.0,0.49078107,0.24539053
CCDC91,0.0,0.49066976,0.24533488
PEX26,0.0,0.49057072,0.24528536
REEP3,0.0,0.4903868,0.2451934
RP11-490M8.1,0.0,0.49033993,0.24516997
RP11-77H9.2,0.0,0.4903141,0.24515705
PDCD2L,0.0,0.49018538,0.24509269
PRPF8,0.0,0.49016812,0.24508406
TMEM87A,0.0,0.49008816,0.24504408
EMB,0.0,0.4900395,0.24501975
RP11-879F14.1,0.0,0.49002367,0.24501184
LRRC24,0.0,0.48979232,0.24489616
ACADM,0.0,0.48978123,0.24489062
IDO1,0.0,0.4897767,0.24488835
CCDC94,0.0,0.48977646,0.24488823
PLEKHA3,0.0,0.48966858,0.24483429
LINC01118,0.0,0.48956645,0.24478322
PPT2-EGFL8,0.0,0.48955572,0.24477786
GLYCTK,0.0,0.48953417,0.24476708
NEMF,0.0,0.48948455,0.24474227
SRM,0.0,0.48948026,0.24474013
RP11-302F12.10,0.0,0.48943976,0.24471988
CCDC38,0.0,0.48941994,0.24470997
LINC01013,0.0,0.48937503,0.24468751
RP11-185E8.1,0.0,0.4892932,0.2446466
ZNF132,0.0,0.48923725,0.24461862
PDGFA,0.0,0.4890729,0.24453644
CLEC2B,0.0,0.48905358,0.24452679
CEP68,0.0,0.488592,0.244296
USP33,0.0,0.4885751,0.24428755
LA16c-431H6.6,0.0,0.48854223,0.24427111
CEP85L,0.0,0.48847094,0.24423547
FSTL1,0.0,0.48839548,0.24419774
C3orf18,0.0,0.48829123,0.24414562
INPP5A,0.0,0.48824814,0.24412407
MTERFD2,0.0,0.48823482,0.24411741
RP11-885N19.6,0.0,0.48808405,0.24404202
NEDD4,0.0,0.48796672,0.24398336
MLLT11,0.0,0.4879001,0.24395005
CECR5,0.0,0.48784435,0.24392217
CYP1B1-AS1,0.0,0.48784426,0.24392213
R3HDM1,0.0,0.48780185,0.24390092
HGD,0.0,0.48757926,0.24378963
MAEA,0.0,0.4875389,0.24376945
NEIL1,0.0,0.48749614,0.24374807
MYH10,0.0,0.48743668,0.24371834
RMND5A,0.0,0.48731047,0.24365523
DIMT1,0.0,0.4873071,0.24365355
SLC5A8,0.0,0.48721653,0.24360827
HOOK2,0.0,0.4872041,0.24360205
ZNF718,0.0,0.4871297,0.24356484
EXOC4,0.0,0.48712042,0.24356021
ARL2,0.0,0.48697892,0.24348946
COLGALT2,0.0,0.48697796,0.24348898
PGM1,0.0,0.48694518,0.24347259
SYTL4,0.0,0.48684433,0.24342217
YTHDC1,0.0,0.48674017,0.24337009
IDI1,0.0,0.4867273,0.24336365
TAF12,0.0,0.48664466,0.24332233
TKTL1,0.0,0.48660493,0.24330246
SNX29P2,0.0,0.4865776,0.2432888
RP11-285J16.1,0.0,0.4865464,0.2432732
AC068580.6,0.0,0.4863763,0.24318814
NLGN2,0.0,0.48634717,0.24317358
USP20,0.0,0.4862981,0.24314906
GNPAT,0.0,0.48627332,0.24313666
KCNG2,0.0,0.48625124,0.24312562
MALT1,0.0,0.48623022,0.24311511
CARS,0.0,0.48605824,0.24302912
ACTN1-AS1,0.0,0.48597884,0.24298942
SMIM7,0.0,0.4857667,0.24288335
CTD-2541M15.1,0.0,0.4857266,0.2428633
ANKHD1,0.0,0.48568043,0.24284022
RP11-428G5.5,0.0,0.48564163,0.24282081
USP7,0.0,0.48555714,0.24277857
TOP1MT,0.0,0.4855488,0.2427744
RP5-1073O3.2,0.0,0.4854951,0.24274755
ST7L,0.0,0.4853551,0.24267755
STK38,0.0,0.4853443,0.24267215
ACAT2,0.0,0.48531833,0.24265917
RP13-314C10.5,0.0,0.48531535,0.24265768
PIGX,0.0,0.4853145,0.24265724
SCIN,0.0,0.48527923,0.24263962
SPTSSB,0.0,0.48512304,0.24256152
BEX4,0.0,0.4850694,0.2425347
ZFYVE28,0.0,0.48500392,0.24250196
DNTTIP1,0.0,0.4849684,0.2424842
ZNF628,0.0,0.48491722,0.24245861
RP11-138I1.2,0.0,0.48488632,0.24244316
TMEM141,0.0,0.4848641,0.24243204
DNAJB14,0.0,0.484748,0.242374
MRS2,0.0,0.4846759,0.24233796
RP11-110I1.14,0.0,0.4845874,0.2422937
NUDT12,0.0,0.48447052,0.24223526
MEIS1,0.0,0.48444057,0.24222028
VPS13C,0.0,0.48441637,0.24220818
ELOVL7,0.0,0.48439842,0.24219921
CD72,0.0,0.4843046,0.2421523
C1orf35,0.0,0.48420948,0.24210474
STX4,0.0,0.48420525,0.24210262
NDUFAF4,0.0,0.48418766,0.24209383
RP11-317G6.1,0.0,0.48408684,0.24204342
RP11-230C9.4,0.0,0.48398256,0.24199128
AC005614.3,0.0,0.4839403,0.24197015
SAMD14,0.0,0.48392385,0.24196193
ART4,0.0,0.48373348,0.24186674
FCRLA,0.0,0.4836716,0.2418358
RP11-217B7.2,0.0,0.48358372,0.24179186
AC113189.5,0.0,0.48358247,0.24179123
ARF4,0.0,0.48348805,0.24174403
ISCA2,0.0,0.48348656,0.24174328
GLB1,0.0,0.48342186,0.24171093
ACADVL,0.0,0.48330867,0.24165434
SMDT1,0.0,0.4832805,0.24164025
AC022201.5,0.0,0.48321018,0.24160509
WTAP,0.0,0.48319024,0.24159512
RP1-59D14.1,0.0,0.48312426,0.24156213
DYNLL1,0.0,0.48311478,0.24155739
MINA,0.0,0.48305497,0.24152748
RP11-162G10.5,0.0,0.48305106,0.24152553
PTPRN2,0.0,0.4829341,0.24146704
PRSS22,0.0,0.4829066,0.2414533
CTD-2358C21.4,0.0,0.48282757,0.24141379
RP5-887A10.1,0.0,0.48280326,0.24140163
RP11-421L21.3,0.0,0.48273367,0.24136683
NXT2,0.0,0.4827244,0.2413622
TCTA,0.0,0.48270792,0.24135396
CDT1,0.0,0.4826749,0.24133745
MCM10,0.0,0.4826384,0.2413192
MAP3K7,0.0,0.48252803,0.24126402
PTPRN,0.0,0.48250845,0.24125423
PHF3,0.0,0.48228166,0.24114083
ORC2,0.0,0.4822583,0.24112915
CRTC2,0.0,0.4822361,0.24111804
LINC00662,0.0,0.48215917,0.24107958
PDE6H,0.0,0.4820828,0.2410414
LOX,0.0,0.48204425,0.24102212
RAB6B,0.0,0.48199344,0.24099672
RP4-555D20.2,0.0,0.48189908,0.24094954
ZNF682,0.0,0.48186877,0.24093439
BEND2,0.0,0.48177513,0.24088757
GPR55,0.0,0.481733,0.2408665
MRE11A,0.0,0.48162094,0.24081047
SYNGR3,0.0,0.48152027,0.24076013
KLRB1,0.0,0.48151323,0.24075662
SNRPB,0.0,0.48100576,0.24050288
QPCTL,0.0,0.48082972,0.24041486
TTC1,0.0,0.4807011,0.24035054
CCDC22,0.0,0.48064205,0.24032103
C8orf44,0.0,0.48056254,0.24028127
CRLS1,0.0,0.48055258,0.24027629
AC073641.2,0.0,0.48052418,0.24026209
ABCC10,0.0,0.4804855,0.24024275
RP11-355N15.1,0.0,0.48046955,0.24023478
RP11-503E24.3,0.0,0.48040906,0.24020453
CLSTN3,0.0,0.48039562,0.24019781
SCAPER,0.0,0.48039213,0.24019606
NPPA-AS1,0.0,0.48038688,0.24019344
CTB-113I20.2,0.0,0.48028356,0.24014178
TINF2,0.0,0.48028088,0.24014044
SERAC1,0.0,0.48026803,0.24013402
GLB1L3,0.0,0.48024303,0.24012151
FAM212B-AS1,0.0,0.48020187,0.24010094
CTD-2506J14.1,0.0,0.48003364,0.24001682
UQCC1,0.0,0.4799867,0.23999335
RP11-344N10.5,0.0,0.47980598,0.23990299
C17orf62,0.0,0.4798003,0.23990016
RP11-1096G20.5,0.0,0.47973707,0.23986854
TRMT61A,0.0,0.47967708,0.23983854
RP11-390B4.5,0.0,0.47964674,0.23982337
YWHAE,0.0,0.4796411,0.23982055
PTGDS,0.0,0.4796013,0.23980065
NT5C3A,0.0,0.47959542,0.23979771
ZCCHC9,0.0,0.4795804,0.2397902
LEFTY1,0.0,0.47951365,0.23975682
AC140481.2,0.0,0.47940964,0.23970482
SLFN5,0.0,0.47924626,0.23962313
RP11-91A18.4,0.0,0.4791851,0.23959255
TRIT1,0.0,0.4791756,0.2395878
AC093901.1,0.0,0.4791551,0.23957755
HEXIM2,0.0,0.47905967,0.23952983
MREG,0.0,0.47892246,0.23946123
CCDC69,0.0,0.47889534,0.23944767
RARS,0.0,0.47886673,0.23943336
MED9,0.0,0.47879782,0.23939891
RP11-159H10.3,0.0,0.47875592,0.23937796
ARHGAP6,0.0,0.47859812,0.23929906
STAMBP,0.0,0.4785663,0.23928314
DOCK10,0.0,0.47848433,0.23924217
URB2,0.0,0.47844335,0.23922168
NRN1L,0.0,0.47838405,0.23919202
CD96,0.0,0.47826725,0.23913363
AQP3,0.0,0.47826228,0.23913114
CREB3L1,0.0,0.4782236,0.2391118
EIF5B,0.0,0.47821525,0.23910762
CTD-2325A15.5,0.0,0.4781756,0.2390878
RP11-345P4.10,0.0,0.4781736,0.2390868
ARPP19,0.0,0.4780012,0.2390006
LINC00618,0.0,0.47799274,0.23899637
LSM14A,0.0,0.4778886,0.2389443
RP11-164H13.1,0.0,0.47786063,0.23893031
TMEM116,0.0,0.4778065,0.23890325
ATXN7L3B,0.0,0.47770214,0.23885107
GADD45B,0.0,0.47763634,0.23881817
STX16,0.0,0.47755322,0.23877661
C15orf26,0.0,0.47752938,0.23876469
SETX,0.0,0.47751263,0.23875631
KIAA0125,0.0,0.47746727,0.23873363
ITGB3,0.0,0.47740898,0.23870449
AC009505.2,0.0,0.47736993,0.23868497
CGN,0.0,0.4773695,0.23868474
PPP1R14A,0.0,0.47726417,0.23863208
RCE1,0.0,0.47725493,0.23862746
ATF7IP2,0.0,0.47723603,0.23861802
CDC123,0.0,0.47715315,0.23857658
MGAM,0.0,0.47711736,0.23855868
CTD-2033C11.1,0.0,0.47707033,0.23853517
SH3KBP1,0.0,0.47702456,0.23851228
NEUROD2,0.0,0.47699875,0.23849937
NECAB3,0.0,0.47673783,0.23836891
PTCRA,0.0,0.4767241,0.23836204
RP11-983P16.4,0.0,0.4766763,0.23833814
ISOC1,0.0,0.47661188,0.23830594
ZNF276,0.0,0.47656322,0.23828161
PAXIP1-AS1,0.0,0.476439,0.2382195
GID8,0.0,0.47639412,0.23819706
TUBB8,0.0,0.47624582,0.23812291
RP1-102G20.5,0.0,0.476172,0.238086
AAR2,0.0,0.47614774,0.23807387
AARD,0.0,0.47614536,0.23807268
GPC2,0.0,0.47603908,0.23801954
IFFO1,0.0,0.4758671,0.23793355
KRBOX4,0.0,0.4757873,0.23789366
ATP9A,0.0,0.47574285,0.23787142
BBS2,0.0,0.47571486,0.23785743
PDE6B,0.0,0.47556064,0.23778032
CTD-2012J19.3,0.0,0.47553343,0.23776671
RP11-932O9.7,0.0,0.47552237,0.23776118
PTCHD1,0.0,0.47539347,0.23769674
RP11-87F15.2,0.0,0.47535062,0.23767531
AC012499.1,0.0,0.47531512,0.23765756
ECSIT,0.0,0.47531185,0.23765592
TRUB2,0.0,0.47530162,0.23765081
CASC4,0.0,0.47527346,0.23763673
TRAPPC12-AS1,0.0,0.47524756,0.23762378
ACTL6A,0.0,0.4752261,0.23761305
ITCH-AS1,0.0,0.4752141,0.23760705
LRBA,0.0,0.4751127,0.23755635
ADAM10,0.0,0.47509676,0.23754838
GNG3,0.0,0.4750427,0.23752135
PEAR1,0.0,0.47494152,0.23747076
YJEFN3,0.0,0.47479856,0.23739928
SYNPO,0.0,0.47477955,0.23738977
THAP2,0.0,0.47465008,0.23732504
FNBP4,0.0,0.47461408,0.23730704
PRKG2,0.0,0.4746044,0.2373022
ELP5,0.0,0.4744334,0.2372167
HERPUD2,0.0,0.47432795,0.23716398
ZNF256,0.0,0.47426224,0.23713112
PHF5A,0.0,0.4742369,0.23711845
CTC-548K16.1,0.0,0.47412637,0.23706318
RP11-502I4.3,0.0,0.47405547,0.23702773
GALT,0.0,0.4739022,0.2369511
RAB8B,0.0,0.47379908,0.23689954
TBC1D15,0.0,0.47359204,0.23679602
YES1,0.0,0.47350952,0.23675476
KB-1980E6.3,0.0,0.4734769,0.23673844
C3orf38,0.0,0.47347054,0.23673527
DNAJC2,0.0,0.473454,0.236727
MAP1A,0.0,0.47342443,0.23671222
RFC5,0.0,0.473401,0.2367005
LY6G6F,0.0,0.47313523,0.23656762
HRASLS,0.0,0.47311437,0.23655719
PMF1,0.0,0.47303724,0.23651862
RP11-382A18.2,0.0,0.47297868,0.23648934
RABEP2,0.0,0.4728722,0.2364361
P2RX5,0.0,0.4728506,0.2364253
RFNG,0.0,0.47278336,0.23639168
CCDC11,0.0,0.47254908,0.23627454
SEC14L5,0.0,0.4724486,0.2362243
RP11-175K6.1,0.0,0.4722719,0.23613594
TARSL2,0.0,0.4721919,0.23609595
PGRMC2,0.0,0.47209612,0.23604806
RP11-178G16.4,0.0,0.47206077,0.23603038
AC015849.2,0.0,0.4720526,0.2360263
FNTA,0.0,0.4720151,0.23600756
ZNF32,0.0,0.4720065,0.23600325
MCUR1,0.0,0.47199002,0.23599501
SLBP,0.0,0.47182184,0.23591092
PLXNA1,0.0,0.47181433,0.23590717
RP11-354M20.3,0.0,0.47176194,0.23588097
PF4V1,0.0,0.47174287,0.23587143
AC068620.1,0.0,0.4717245,0.23586226
VIL1,0.0,0.47157997,0.23578998
TUBB1,0.0,0.47154224,0.23577112
CCND2,0.0,0.47141698,0.23570849
CORO1B,0.0,0.4713753,0.23568764
AC093323.3,0.0,0.47129288,0.23564644
PVALB,0.0,0.47129035,0.23564517
RP11-548P2.2,0.0,0.471267,0.2356335
JMJD7,0.0,0.47125384,0.23562692
PPP6C,0.0,0.47124663,0.23562331
ZAP70,0.0,0.47106558,0.23553279
AATF,0.0,0.4710204,0.2355102
GBP4,0.0,0.47078964,0.23539482
NRN1,0.0,0.47066057,0.23533028
ZNF175,0.0,0.47062686,0.23531343
UBOX5-AS1,0.0,0.47057414,0.23528707
SYP,0.0,0.4705655,0.23528275
CLIP1,0.0,0.47042978,0.23521489
SELL,0.0,0.47039115,0.23519558
ITM2A,0.0,0.470325,0.2351625
TIMM22,0.0,0.47003135,0.23501568
AC096559.1,0.0,0.47002506,0.23501253
GZMA,0.0,0.4700231,0.23501155
MZT1,0.0,0.47000104,0.23500052
IL4I1,0.0,0.46997347,0.23498674
CTNNB1,0.0,0.46992707,0.23496354
TYW5,0.0,0.4699257,0.23496285
PBLD,0.0,0.46988988,0.23494494
PDF,0.0,0.46982598,0.23491299
SSBP1,0.0,0.46982294,0.23491147
RP4-761J14.8,0.0,0.46973696,0.23486848
AC103801.2,0.0,0.46962196,0.23481098
RP11-647K16.1,0.0,0.46955776,0.23477888
MVD,0.0,0.46955466,0.23477733
SPIB,0.0,0.46951416,0.23475708
DNAJC27,0.0,0.46950218,0.23475109
F5,0.0,0.46933517,0.23466758
CD247,0.0,0.46931088,0.23465544
CAMK2G,0.0,0.46930766,0.23465383
NUPR1,0.0,0.46927226,0.23463613
CHI3L2,0.0,0.46926785,0.23463392
RP11-242F4.2,0.0,0.46914798,0.23457399
PITPNA-AS1,0.0,0.46912882,0.23456441
ADIPOR2,0.0,0.46898338,0.23449169
UBE2C,0.0,0.46886975,0.23443487
CCDC174,0.0,0.4686527,0.23432635
RTN2,0.0,0.46853426,0.23426713
KB-1460A1.3,0.0,0.46843752,0.23421876
TSC22D1,0.0,0.46843678,0.23421839
RP11-1136J12.1,0.0,0.46841154,0.23420577
HCFC2,0.0,0.46838084,0.23419042
RP11-700J17.2,0.0,0.4683657,0.23418285
ARMC7,0.0,0.4683178,0.2341589
CCNB3,0.0,0.46827686,0.23413843
ZNF836,0.0,0.46792263,0.23396131
ABCG2,0.0,0.46791637,0.23395818
KB-226F1.1,0.0,0.46790254,0.23395127
RIOK1,0.0,0.4677919,0.23389594
KPNA1,0.0,0.46772084,0.23386042
PEMT,0.0,0.4676992,0.2338496
NKAP,0.0,0.4675262,0.2337631
KLRC1,0.0,0.4672195,0.23360975
CTA-989H11.1,0.0,0.46712363,0.23356181
ZFAND4,0.0,0.46708035,0.23354018
NUDCD1,0.0,0.46702567,0.23351283
PNPLA8,0.0,0.4669481,0.23347405
ARL2BP,0.0,0.4666387,0.23331936
MRP63,0.0,0.46650586,0.23325293
TRIM23,0.0,0.46650365,0.23325182
RP5-1073O3.7,0.0,0.46645343,0.23322672
RP11-1000B6.3,0.0,0.46639934,0.23319967
TMEM234,0.0,0.46632692,0.23316346
MICALCL,0.0,0.4662981,0.23314905
POLR2K,0.0,0.46604636,0.23302318
CABP5,0.0,0.465803,0.2329015
SPIN1,0.0,0.46572885,0.23286442
SLC20A2,0.0,0.46566078,0.23283039
TCL1A,0.0,0.46559837,0.23279919
PPIE,0.0,0.46525896,0.23262948
IL27RA,0.0,0.46524385,0.23262192
PHF12,0.0,0.46518356,0.23259178
TSSC1,0.0,0.4650876,0.2325438
RP11-527L4.5,0.0,0.46503216,0.23251608
FYB,0.0,0.4649718,0.2324859
CMTM7,0.0,0.46482894,0.23241447
CHD7,0.0,0.4648242,0.2324121
RP11-557C18.4,0.0,0.46474603,0.23237301
PITHD1,0.00041616682,0.46429512,0.23235564
CTB-31O20.9,0.0,0.46467093,0.23233546
DENND1C,0.0,0.46465683,0.23232841
DEDD,0.0,0.464492,0.232246
DIDO1,0.0,0.4644048,0.2322024
SLC24A3,0.0,0.4643861,0.23219305
AC010642.1,0.0,0.46428618,0.23214309
RGS6,0.0,0.46411136,0.23205568
TM7SF3,0.0,0.46397704,0.23198852
DISP1,0.0,0.463931,0.2319655
ELL,0.0,0.46384367,0.23192184
PCDH9-AS1,0.0,0.4637818,0.2318909
FUS,0.0,0.46375751,0.23187876
ILF3-AS1,0.0,0.46374846,0.23187423
CTC-498J12.3,0.0,0.46368217,0.23184109
NOL11,0.0,0.46366906,0.23183453
CBX5,0.0,0.4636593,0.23182964
CLNS1A,0.0,0.4636535,0.23182675
RFC2,0.0,0.46362647,0.23181324
RP11-216P16.2,0.0,0.4635821,0.23179105
ATG4C,0.0,0.46353072,0.23176536
SNHG12,0.0,0.46352798,0.23176399
ARRDC4,0.0,0.46350488,0.23175244
RP1-111C20.3,0.0,0.46342438,0.23171219
RBFOX3,0.0,0.46337673,0.23168837
SLC48A1,0.0,0.46333423,0.23166712
RBM39,0.0,0.46328527,0.23164263
RP11-830F9.5,0.0,0.4632402,0.2316201
DHX8,0.0,0.46314046,0.23157023
CST7,0.0,0.462969,0.2314845
FAM83C-AS1,0.0,0.4628823,0.23144116
SEPHS2,0.0,0.46281493,0.23140746
SNRNP35,0.0,0.46234387,0.23117194
PLA2G12A,0.0,0.46227962,0.23113981
MUM1,0.0,0.46216783,0.23108391
ZMAT3,0.0,0.4620761,0.23103805
RP11-197N18.7,0.0,0.46205541,0.23102771
ZC3H15,0.0,0.46193597,0.23096798
R3HDM2,0.0,0.46176293,0.23088147
TADA2A,0.0,0.4617621,0.23088105
NFATC1,0.0,0.4617408,0.2308704
PWP1,0.0,0.4616326,0.2308163
LRRIQ3,0.0,0.46156478,0.23078239
NSMAF,0.0,0.46146196,0.23073098
CD82,0.0,0.46131533,0.23065767
SLC35A2,0.0,0.46130237,0.23065118
MYCBP2,0.0,0.4613008,0.2306504
TMEM165,0.0,0.46129394,0.23064697
FBXL14,0.0,0.4612332,0.2306166
MPC2,0.0,0.46122286,0.23061143
PRPS2,0.0,0.46118364,0.23059182
CDK16,0.0,0.46117336,0.23058668
DNAJA3,0.0,0.46101302,0.23050651
RP11-308N19.1,0.0,0.460886,0.230443
LBR,0.0,0.46087876,0.23043938
KCNA5,0.0,0.46084815,0.23042408
PCSK7,0.0,0.46063596,0.23031798
C19orf52,0.0,0.4606235,0.23031175
NUP54,0.0,0.46055236,0.23027618
ELP6,0.0,0.46052164,0.23026082
FHL1,0.0,0.46043974,0.23021987
ZBTB41,0.0,0.46030208,0.23015104
FN3KRP,0.0,0.46024904,0.23012452
CWC15,0.0,0.4601229,0.23006146
DCAF5,0.0,0.45983508,0.22991754
GNLY,0.0,0.45976615,0.22988307
MYOM2,0.0,0.45973688,0.22986844
AP003419.16,0.0,0.45957065,0.22978532
TGFB1I1,0.0,0.4595023,0.22975115
ANTXR2,0.0,0.4594819,0.22974095
NAA20,0.0,0.45940748,0.22970374
ACTA2-AS1,0.0,0.4593829,0.22969145
RP11-544A12.4,0.0,0.45934218,0.22967109
SOX13,0.0,0.4593272,0.2296636
NDUFA10,0.0,0.45925122,0.22962561
GINM1,0.0,0.45924067,0.22962034
SERPINE1,0.0,0.45893735,0.22946867
UBAC2,0.0,0.4589037,0.22945185
SCAI,0.0,0.45858583,0.22929291
TTN-AS1,0.0,0.4585648,0.2292824
CHST8,0.0,0.4584826,0.2292413
HBA2,0.0,0.45846242,0.22923121
ZNF333,0.0,0.45826223,0.22913112
NUPL2,0.0,0.45822018,0.22911009
KCNJ14,0.0,0.45777655,0.22888827
AEBP1,0.0,0.4577477,0.22887385
KCNH3,0.0,0.45759246,0.22879623
STK17A,0.0,0.45757347,0.22878674
DEXI,0.0,0.45754978,0.22877489
NR2C2AP,0.0,0.45708448,0.22854224
RBM26-AS1,0.0,0.45706648,0.22853324
TDG,0.0,0.45700276,0.22850138
HSPB11,0.0,0.4568331,0.22841655
FCGBP,0.0,0.45656937,0.22828469
AP4B1-AS1,0.0,0.45615375,0.22807688
PKD2L2,0.0,0.45615128,0.22807564
EML6,0.0,0.4558707,0.22793534
TASP1,0.0,0.4557581,0.22787905
DDI2,0.0,0.455413,0.2277065
KDM4A-AS1,0.0,0.45539334,0.22769667
NIT1,0.0,0.4552553,0.22762765
CTD-2015H6.3,0.0,0.4551682,0.2275841
RIOK2,0.0,0.45495722,0.22747861
MTRF1,0.0,0.45490572,0.22745286
TTPAL,0.0,0.45489973,0.22744986
POLDIP2,0.0,0.45483732,0.22741866
CD2,0.0,0.4547855,0.22739275
TMEM55A,0.0,0.45474878,0.22737439
RP11-88H9.2,0.0,0.45473367,0.22736683
NMNAT3,0.0,0.45455793,0.22727896
SLC25A12,0.0,0.4545429,0.22727145
RNF113A,0.0,0.45444828,0.22722414
RP11-430B1.2,0.0,0.45432353,0.22716177
RABL2B,0.0,0.45423788,0.22711894
ENTPD3-AS1,0.0,0.45422897,0.22711448
PLEKHA1,0.0,0.45415533,0.22707766
GIMAP5,0.0,0.45409748,0.22704874
SCGB3A1,0.0,0.4539545,0.22697724
RP11-252A24.3,0.0,0.45377094,0.22688547
PRUNE,0.0,0.45370945,0.22685473
MRM1,0.0,0.45355284,0.22677642
NFU1,0.0,0.4535446,0.2267723
ZNF560,0.0,0.4533057,0.22665285
ITGA2B,0.0,0.45325872,0.22662936
AC017002.2,0.0,0.45325798,0.22662899
RP11-706O15.1,0.0,0.4531284,0.2265642
HLA-DOB,0.0,0.4529049,0.22645245
C12orf45,0.0,0.4527858,0.2263929
RIC3,0.0,0.45276305,0.22638153
MTIF2,0.0,0.45251602,0.22625801
MRPL43,0.0,0.4524538,0.2262269
CTC-454I21.3,0.0,0.4524416,0.2262208
PDIK1L,0.0,0.4524368,0.2262184
ARHGEF7,0.0,0.45242208,0.22621104
DHX9,0.0,0.45221007,0.22610503
LCN2,0.0,0.45192543,0.22596271
SUCLG2,0.0,0.45178673,0.22589336
FAM173A,0.0,0.45173216,0.22586608
ADAM28,0.0,0.45168674,0.22584337
FAM107B,0.0,0.4510255,0.22551274
ERI3,0.0,0.45101383,0.22550692
ZNF493,0.0,0.450618,0.225309
PRAF2,0.0,0.45038733,0.22519366
MMD,0.0,0.45028263,0.22514132
LITAF,0.0,0.45025393,0.22512697
METTL3,0.0,0.4502211,0.22511055
STT3A,0.0,0.449923,0.2249615
SPATA7,0.0,0.44973356,0.22486678
RBM7,0.0,0.44973147,0.22486573
MED7,0.0,0.44972625,0.22486313
RP5-827C21.4,0.0,0.44956294,0.22478147
TACR2,0.0,0.44936702,0.22468351
PURA,0.0,0.44931707,0.22465853
CGRRF1,0.0,0.44924942,0.22462471
GOLGA1,0.0,0.4491604,0.2245802
PPIG,0.0,0.44915673,0.22457837
RPUSD2,0.0,0.44904086,0.22452043
RP11-349A22.5,0.0,0.44896492,0.22448246
PXMP4,0.0,0.44855973,0.22427987
MOB2,0.0,0.44848078,0.22424039
TUBG2,0.0,0.4484656,0.2242328
P2RY10,0.0,0.44835037,0.22417518
CCNG1,0.0,0.44833276,0.22416638
COMMD10,0.0,0.44826916,0.22413458
TCL1B,0.0,0.44818825,0.22409412
RRS1,0.0,0.44813368,0.22406684
GZMK,0.0,0.44802785,0.22401392
CITED4,0.0,0.44781116,0.22390558
RGS14,0.0,0.44776136,0.22388068
SNTA1,0.0,0.44774035,0.22387017
ATP5A1,0.0,0.44768393,0.22384197
MAL,0.0,0.44764003,0.22382002
THOC7,0.0,0.4471327,0.22356635
PPIL4,0.0,0.44708318,0.22354159
ATXN3,0.0,0.44695646,0.22347823
HDAC1,0.0,0.44687012,0.22343506
RP11-384C4.7,0.0,0.44686428,0.22343214
UBE3A,0.0,0.4468152,0.2234076
TMEM138,0.0,0.44677544,0.22338772
ANKRD27,0.0,0.4467674,0.2233837
CEP164,0.0,0.44624114,0.22312057
ACBD3,0.0,0.4460887,0.22304435
SURF6,0.0,0.44601506,0.22300753
PCNX,0.0,0.44600743,0.22300372
RAB6C,0.0,0.445644,0.222822
PALLD,0.0,0.44556895,0.22278447
BACE2,0.0,0.44537297,0.22268648
RNASEH2B,0.0,0.44528604,0.22264302
MRPL42,0.0,0.4452303,0.22261515
CEP120,0.0,0.44505394,0.22252697
FCRL6,0.0,0.44504398,0.22252199
AC092295.7,0.0,0.44483542,0.22241771
HPRT1,0.0,0.44472313,0.22236156
WDR52,0.0,0.44471908,0.22235954
KIAA0040,0.0,0.444532,0.222266
FXN,0.0,0.44432542,0.22216271
ITGB7,0.0,0.44423094,0.22211547
SEMA3D,0.0,0.44402048,0.22201024
CD2AP,0.0,0.44367644,0.22183822
PDXDC1,0.0,0.4434902,0.2217451
C1orf186,0.0,0.4432984,0.2216492
RP11-379F4.4,0.0,0.4429426,0.2214713
DUS3L,0.0,0.44291803,0.22145902
PRPF31,0.0,0.44278678,0.22139339
RP11-661P17.1,0.0,0.4427866,0.2213933
SEPT11,0.0,0.44274157,0.22137079
MLLT6,0.0,0.44263488,0.22131744
BLNK,0.0,0.442604,0.221302
DERL1,0.0,0.44255155,0.22127578
RP13-270P17.1,0.0,0.44212154,0.22106077
NARS,0.0,0.4419743,0.22098716
ZBTB10,0.0,0.4414038,0.2207019
IL6,0.0,0.44135082,0.22067541
ZNF841,0.0,0.44123852,0.22061926
SPATA13-AS1,0.0,0.4410308,0.2205154
LUC7L3,0.0,0.44086123,0.22043061
BLM,0.0,0.44085258,0.22042629
ASB15,0.0,0.44083446,0.22041723
ING5,0.0,0.4408288,0.2204144
ITSN2,0.0,0.44081798,0.22040899
RP11-147L13.8,0.0,0.4408068,0.2204034
ELOVL4,0.0,0.44074348,0.22037174
PGM2L1,0.0,0.4406598,0.2203299
SLC4A7,0.0,0.44049022,0.22024511
AC145110.1,0.0,0.44044596,0.22022298
VPS13A,0.0,0.44034922,0.22017461
RP11-324I22.4,0.0,0.44014993,0.22007497
GPKOW,0.0,0.44008628,0.22004314
DRAXIN,0.0,0.44006208,0.22003104
SIRT1,0.0,0.4399395,0.21996975
RP11-294J22.6,0.0,0.4392582,0.2196291
UBA5,0.0,0.43877545,0.21938772
TNFRSF25,0.0,0.43869638,0.21934819
C2orf76,0.0,0.4386677,0.21933386
ACVR2A,0.0,0.43865868,0.21932934
BTN3A1,0.0,0.4386219,0.21931095
ZNF653,0.0,0.43860438,0.21930219
SPSB2,0.0,0.43846697,0.21923348
FAM210B,0.0,0.43844837,0.21922418
PACS1,0.0,0.4379997,0.21899985
RMDN3,0.0,0.43791586,0.21895793
USP5,0.0,0.4375761,0.21878804
IGJ,0.0,0.43722504,0.21861252
ATP6V0E2,0.0,0.4369389,0.21846946
RPL7L1,0.0,0.43669245,0.21834622
FH,0.0,0.43661857,0.21830928
RP11-271M24.2,0.0,0.43654457,0.21827228
MARCH6,0.0,0.43647325,0.21823663
B4GALT4,0.0,0.43627614,0.21813807
RNF26,0.0,0.4360483,0.21802415
CNEP1R1,0.0,0.43595034,0.21797517
ANKRD54,0.0,0.43571725,0.21785863
ZNF350,0.0,0.43568888,0.21784444
RP11-950C14.3,0.0,0.43549174,0.21774587
TMX3,0.0,0.43547696,0.21773848
ASXL2,0.0,0.43534926,0.21767463
MCM3,0.0,0.43508974,0.21754487
RP11-545I5.3,0.0,0.4347073,0.21735366
BBX,0.0,0.43457663,0.21728832
EFCAB14,0.0,0.43381298,0.21690649
ICOS,0.0,0.43375614,0.21687807
THBS1,0.0,0.43372482,0.21686241
C16orf80,0.0,0.43352187,0.21676093
OAT,0.0,0.43324888,0.21662444
RCN2,0.0,0.43314144,0.21657072
CDK19,0.0,0.43245357,0.21622679
LDLRAP1,0.0010373766,0.43128577,0.21616158
AC002331.1,0.0,0.43222925,0.21611463
MAPK1IP1L,0.0,0.43198285,0.21599142
TMEM87B,0.0,0.43195084,0.21597542
TCF12,0.0,0.43187094,0.21593547
SMARCD1,0.0,0.43164307,0.21582153
PTGDR,0.0,0.4315912,0.2157956
RNF139,0.0,0.43092474,0.21546237
ARMCX5,0.0,0.43061045,0.21530522
CRTC1,0.0,0.43050706,0.21525353
TCEAL4,0.0,0.4300303,0.21501514
ZNF559,0.0,0.4298229,0.21491145
PIK3R1,0.0,0.42982015,0.21491008
PPA2,0.0,0.42973343,0.21486671
RP11-727F15.9,0.0,0.4294944,0.2147472
WHAMM,0.0,0.42942142,0.21471071
RAD51B,0.0,0.42879373,0.21439686
PASK,0.0,0.42876884,0.21438442
RP11-247L20.4,0.0,0.42813706,0.21406853
CD274,0.0,0.42793286,0.21396643
RP11-535M15.1,0.0,0.42762226,0.21381113
LINC00174,0.0,0.42738488,0.21369244
LINC00886,0.0,0.42710695,0.21355347
URGCP,0.0,0.42708182,0.21354091
ERCC6L2,0.0,0.4270275,0.21351375
RP11-589C21.6,0.0,0.42697445,0.21348722
C16orf52,0.0,0.42692596,0.21346298
ARVCF,0.0,0.42685413,0.21342707
MOCS2,0.0,0.42659953,0.21329977
GLS2,0.0,0.4262894,0.2131447
RP1-266L20.2,0.0,0.42474982,0.21237491
RP11-798G7.6,0.0,0.42467263,0.21233632
UBIAD1,0.0,0.42420885,0.21210442
SMYD4,0.0,0.42391598,0.21195799
TRABD2A,0.0,0.42341563,0.21170782
YEATS2-AS1,0.0,0.42270294,0.21135147
BZRAP1-AS1,0.0,0.42266458,0.21133229
TAF1D,0.0,0.42225873,0.21112937
RAB12,0.0,0.422144,0.211072
CISH,0.0,0.42204186,0.21102093
FBXO33,0.0,0.42201933,0.21100967
CCDC66,0.0,0.42110488,0.21055244
RP13-270P17.3,0.0,0.42072892,0.21036446
IL23A,0.0,0.42072502,0.21036251
RP11-400F19.6,0.0,0.4207015,0.21035075
HBA1,0.0,0.420463,0.2102315
RP11-142C4.6,0.0,0.42026883,0.21013442
YTHDF2,0.00072485144,0.41930664,0.21001574
RP1-28O10.1,0.0,0.41980875,0.20990437
RNF168,0.0,0.41972497,0.20986249
RCL1,0.0,0.41954422,0.20977211
C9orf37,0.0,0.41939032,0.20969516
BOLA1,0.0,0.419226,0.209613
ZNF528,0.0,0.4191847,0.20959236
GCKR,0.0,0.4187717,0.20938586
RBBP6,0.0,0.41814977,0.20907488
ZNF587B,0.0,0.4177625,0.20888124
REXO2,0.0,0.417488,0.208744
PLCL1,0.0,0.41738853,0.20869426
MRPS33,0.0,0.41736218,0.20868109
TOP2B,0.0,0.41727585,0.20863792
PMEPA1,0.0,0.41707563,0.20853782
FAM98A,0.0,0.41704774,0.20852387
C14orf1,0.0,0.41651413,0.20825706
NNT-AS1,0.0,0.4161509,0.20807545
LINC00959,0.0,0.41612002,0.20806001
SUV420H2,0.0,0.4158956,0.2079478
LINC00610,0.0,0.41539344,0.20769672
USP30,0.0,0.41533417,0.20766708
LTBP1,0.0,0.41493842,0.20746921
ST3GAL3,0.0,0.41453063,0.20726532
C11orf85,0.0,0.41431034,0.20715517
RP11-138A9.2,0.0,0.41422012,0.20711006
CMTM5,0.0,0.41407356,0.20703678
RP11-141B14.1,0.0,0.41380987,0.20690493
MTERFD1,0.0,0.41356948,0.20678474
CYB5B,0.0,0.41338423,0.20669211
HIST1H1B,0.0,0.4127895,0.20639475
RP11-53B2.3,0.0,0.41278923,0.20639461
NSA2,0.0,0.41261175,0.20630588
CHD2,0.0,0.41250524,0.20625262
C16orf58,0.0,0.41228777,0.20614389
CTB-152G17.6,0.0,0.41220942,0.20610471
RP11-367G6.3,0.0,0.41204748,0.20602374
ZNF799,0.0,0.41201717,0.20600858
API5,0.0,0.41160718,0.20580359
POLR3E,0.0,0.4115684,0.2057842
RP11-755B10.3,0.0,0.41150174,0.20575087
DPY19L2,0.0,0.41137195,0.20568597
CTD-2012K14.7,0.0,0.41109854,0.20554927
TNFRSF4,0.0,0.41096663,0.20548332
ACD,0.0,0.41085112,0.20542556
TNFRSF17,0.0,0.41070428,0.20535214
PJA1,0.0,0.41053537,0.20526768
HIST1H2AH,0.0,0.41012877,0.20506439
PTPN7,0.0,0.40999085,0.20499542
MPHOSPH10,0.0,0.40980166,0.20490083
RP4-773N10.4,0.0,0.40967888,0.20483944
CLECL1,0.0,0.40910625,0.20455313
ABCB1,0.0,0.40899867,0.20449933
SAFB2,0.0,0.4084706,0.2042353
TBXA2R,0.0,0.4084449,0.20422246
GYS1,0.0,0.40811518,0.20405759
U2SURP,0.0,0.40726027,0.20363013
ARHGAP11A,0.0,0.4069399,0.20346995
PPP1R8,0.0,0.40690058,0.20345029
RP11-378J18.3,0.0,0.40654287,0.20327143
ARHGEF4,0.0,0.40627828,0.20313914
CCDC163P,0.0,0.40627074,0.20313537
ZCCHC11,0.0,0.4059548,0.2029774
SF3B1,0.0,0.40570697,0.20285349
MAGEH1,0.0,0.40561274,0.20280637
LIPC,0.0,0.40469202,0.20234601
CYP46A1,0.0,0.4046332,0.2023166
BOLA3,0.0,0.40279505,0.20139752
NBR1,0.0,0.40250325,0.20125163
CAPN12,0.0,0.4024557,0.20122784
RP11-219B17.1,0.0,0.40232742,0.20116371
SSBP3,0.0,0.4023134,0.2011567
PAICS,0.0,0.40226743,0.20113371
RFC1,0.0,0.4021091,0.20105454
NOG,0.0,0.40120634,0.20060317
CTD-2227I18.1,0.0,0.40032947,0.20016474
ZNF212,0.0,0.4001719,0.20008595
RFX4,0.0,0.3998809,0.19994044
U73166.2,0.0,0.39953956,0.19976978
NARG2,0.0,0.3994765,0.19973825
EDC3,0.0,0.39896226,0.19948113
ARIH2OS,0.0,0.39894176,0.19947088
RP11-510J16.5,0.0,0.39885712,0.19942856
RP11-554A11.8,0.0,0.3987784,0.1993892
MDS2,0.0,0.39822993,0.19911496
MPP6,0.0,0.3981323,0.19906615
RP11-196G11.2,0.0,0.39806473,0.19903237
ACVR2B,0.0,0.39742965,0.19871482
AP001462.6,0.0,0.39687896,0.19843948
GPATCH4,0.0,0.3960452,0.1980226
CAMK2N1,0.0,0.39503354,0.19751677
ARHGDIG,0.0,0.3943953,0.19719765
SMC2,0.0,0.3942717,0.19713585
ALOX12,0.0,0.39290196,0.19645098
CTNNAL1,0.0,0.3916805,0.19584025
AP3M2,0.0,0.39031556,0.19515778
RPS6KL1,0.0,0.3894591,0.19472955
LRRC8C,0.0,0.3893985,0.19469924
FBXO21,0.0,0.38799018,0.19399509
SLC39A14,0.0,0.3879882,0.1939941
GDF11,0.0,0.38693455,0.19346727
AC002310.7,0.0,0.38539708,0.19269854
RP11-493L12.4,0.0,0.38521907,0.19260953
AL161784.1,0.0,0.38482472,0.19241236
RP11-559M23.1,0.0,0.3847471,0.19237354
POMT1,0.0,0.38472122,0.19236061
RP11-5C23.1,0.0,0.3843886,0.1921943
RBM48,0.0,0.38388857,0.19194429
CRIP3,0.0,0.3832458,0.1916229
DENND5B,0.0,0.38301298,0.19150649
GRAP,0.0,0.38268209,0.19134104
RP11-304L19.2,0.0,0.3826744,0.1913372
CLYBL,0.0,0.3824765,0.19123825
GPR171,0.0,0.38214427,0.19107214
RGPD8,0.0,0.38132328,0.19066164
RP11-314N13.3,0.0,0.38121694,0.19060847
RP11-247A12.2,0.0,0.38115472,0.19057736
RP11-70P17.1,0.0,0.3805856,0.1902928
ADAL,0.0,0.3804531,0.19022655
AKTIP,0.0,0.3791437,0.18957184
INVS,0.0,0.37797058,0.18898529
ZNF195,0.0,0.3770131,0.18850654
RP11-408A13.4,0.0,0.37682736,0.18841368
AC005224.2,0.0,0.37668982,0.18834491
JAKMIP1,0.0,0.3761804,0.1880902
KRTAP5-AS1,0.0,0.37568,0.18784
RP11-432I5.1,0.0,0.3755547,0.18777736
LZTS2,0.0,0.37491193,0.18745597
VTI1A,0.0,0.37445593,0.18722796
GIPC2,0.0,0.3740094,0.1870047
RP5-1028K7.2,0.0,0.373025,0.1865125
SERPINE2,0.0,0.37294963,0.18647482
ATAD3C,0.0,0.37266153,0.18633077
POLD2,0.0,0.3723223,0.18616115
DMTN,0.0,0.3711643,0.18558215
TMEM177,0.0,0.36839828,0.18419914
TSPAN15,0.0,0.3647799,0.18238994
LIN52,0.0,0.3638909,0.18194544
TIGIT,0.0,0.36057815,0.18028907
ANKAR,0.0,0.3604308,0.1802154
RFPL2,0.0,0.3597651,0.17988256
PDCD1,0.0,0.3550221,0.17751105
