,Gene_set,Term,Overlap,P-value,Adjusted P-value,Old P-value,Old Adjusted P-value,Odds Ratio,Combined Score,Genes
0,KEGG_2021_Human,Ferroptosis,3/41,1.782245108429782e-05,0.0006416082390347215,0,0,71.54425837320574,782.3401568918739,FTH1;SAT1;FTL
1,KEGG_2021_Human,Necroptosis,3/159,0.000997218835369675,0.0179499390366541,0,0,17.3243006993007,119.72027846776956,PYCARD;FTH1;FTL
2,KEGG_2021_Human,Mineral absorption,2/60,0.0025397444622594,0.0304769335471132,0,0,29.86056971514243,178.43756184160333,FTH1;FTL
3,KEGG_2021_Human,Antigen processing and presentation,2/78,0.0042501160167748,0.0366669591081851,0,0,22.767734553775743,124.33024972338757,IFI30;CTSS
4,KEGG_2021_Human,Salivary secretion,2/93,0.005985699144896,0.0366669591081851,0,0,19.00047778308648,97.25170595790462,CST3;LYZ
5,KEGG_2021_Human,IL-17 signaling pathway,2/94,0.0061111598513641,0.0366669591081851,0,0,18.793005671077506,95.79995291250644,S100A9;S100A8
6,KEGG_2021_Human,C-type lectin receptor signaling pathway,2/104,0.0074314203155166,0.0382187330512282,0,0,16.942028985507246,83.05047461025787,PYCARD;FCER1G
7,KEGG_2021_Human,Lysosome,2/128,0.0110732557767541,0.0462961256655532,0,0,13.698412698412698,61.68699983114149,NPC2;CTSS
8,KEGG_2021_Human,Natural killer cell mediated cytotoxicity,2/131,0.0115740314163883,0.0462961256655532,0,0,13.377822716548703,59.651595927977866,FCER1G;TYROBP
9,KEGG_2021_Human,Tuberculosis,2/180,0.0210972169063332,0.0759499808627997,0,0,9.671226184660478,37.31753017857985,FCER1G;CTSS
10,KEGG_2021_Human,Asthma,1/31,0.0380599505912853,0.1245598382987519,0,0,27.70138888888889,90.5445579257637,FCER1G
11,KEGG_2021_Human,Arginine and proline metabolism,1/50,0.0606955298241754,0.1607028600621992,0,0,16.943877551020407,47.47480020477031,SAT1
12,KEGG_2021_Human,Cholesterol metabolism,1/50,0.0606955298241754,0.1607028600621992,0,0,16.943877551020407,47.47480020477031,NPC2
13,KEGG_2021_Human,Legionellosis,1/57,0.0689053446517472,0.1607028600621992,0,0,14.820684523809524,39.64565023244249,PYCARD
14,KEGG_2021_Human,Glutathione metabolism,1/57,0.0689053446517472,0.1607028600621992,0,0,14.820684523809524,39.64565023244249,GPX1
15,KEGG_2021_Human,Arachidonic acid metabolism,1/61,0.0735656929646674,0.1607028600621992,0,0,13.82986111111111,36.090080417128966,GPX1
16,KEGG_2021_Human,Cytosolic DNA-sensing pathway,1/63,0.0758874616960385,0.1607028600621992,0,0,13.38239247311828,34.506549888818924,PYCARD
17,KEGG_2021_Human,Fc epsilon RI signaling pathway,1/68,0.0816674711385058,0.1633349422770116,0,0,12.380597014925373,31.014627471998192,FCER1G
18,KEGG_2021_Human,Thyroid hormone synthesis,1/75,0.0897012092618635,0.1635180548980011,0,0,11.20551801801802,27.01954095985768,GPX1
19,KEGG_2021_Human,Pertussis,1/76,0.0908433638322228,0.1635180548980011,0,0,11.055555555555555,26.518060438580463,PYCARD
20,KEGG_2021_Human,Sphingolipid signaling pathway,1/119,0.1386752998975814,0.2305620978919399,0,0,7.0116525423728815,13.852361349501969,FCER1G
21,KEGG_2021_Human,Platelet activation,1/124,0.1440777329710281,0.2305620978919399,0,0,6.724932249322493,13.02889929294851,FCER1G
22,KEGG_2021_Human,Osteoclast differentiation,1/127,0.1473035625420727,0.2305620978919399,0,0,6.563822751322752,12.571425654229188,TYROBP
23,KEGG_2021_Human,Yersinia infection,1/137,0.1579722495308103,0.231647135936055,0,0,6.078125,11.216182250545016,PYCARD
24,KEGG_2021_Human,Apoptosis,1/142,0.1632584222447486,0.231647135936055,0,0,5.861111111111111,10.622800398497253,CTSS
25,KEGG_2021_Human,Phospholipase D signaling pathway,1/148,0.1695597817875471,0.231647135936055,0,0,5.620181405895692,9.973291336989591,FCER1G
26,KEGG_2021_Human,Phagosome,1/152,0.1737353519520413,0.231647135936055,0,0,5.470198675496689,9.574062631860778,CTSS
27,KEGG_2021_Human,Influenza A,1/172,0.1943126687057049,0.249830574050192,0,0,4.825536062378168,7.905611662086706,PYCARD
28,KEGG_2021_Human,NOD-like receptor signaling pathway,1/181,0.2034111170125662,0.2525103521535305,0,0,4.582175925925926,7.29723494446393,PYCARD
29,KEGG_2021_Human,Pathogenic Escherichia coli infection,1/197,0.2193431354092711,0.2632117624911254,0,0,4.204719387755102,6.379055245294434,PYCARD
30,KEGG_2021_Human,Lipid and atherosclerosis,1/215,0.2369009994904709,0.2751108381179662,0,0,3.8475467289719623,5.540901865454593,PYCARD
31,KEGG_2021_Human,Shigellosis,1/246,0.2662545225134303,0.2934948501604065,0,0,3.3554421768707483,4.440265276731223,PYCARD
32,KEGG_2021_Human,Salmonella infection,1/249,0.2690369459803727,0.2934948501604065,0,0,3.31434811827957,4.351429397084273,PYCARD
33,KEGG_2021_Human,Huntington disease,1/306,0.3200178996557216,0.3388424819884111,0,0,2.6871584699453552,3.061690179183596,GPX1
34,KEGG_2021_Human,Amyotrophic lateral sclerosis,1/364,0.3683809474250587,0.3789061173514889,0,0,2.251147842056933,2.2480810876513058,GPX1
35,KEGG_2021_Human,Pathways of neurodegeneration,1/475,0.4518895760040144,0.4518895760040144,0,0,1.7142229254571026,1.3616371483772616,GPX1
36,GO_Biological_Process_2023,Positive Regulation Of Response To External Stimulus (GO:0032103),6/155,3.0826457769532706e-08,1.3193723925359998e-05,0,0,42.01907453196751,726.7153768630858,PYCARD;LGALS2;LGALS1;AIF1;S100A9;S100A8
37,GO_Biological_Process_2023,Positive Regulation Of Inflammatory Response (GO:0050729),5/104,1.68757007683043e-07,3.61139996441712e-05,0,0,50.19191919191919,782.7332416142872,PYCARD;LGALS2;LGALS1;S100A9;S100A8
38,GO_Biological_Process_2023,Positive Regulation Of Defense Response (GO:0031349),5/124,4.0632226170795786e-07,5.796864267033532e-05,0,0,41.71428571428572,613.8724027558424,PYCARD;LGALS2;LGALS1;S100A9;S100A8
39,GO_Biological_Process_2023,Positive Regulation Of Apoptotic Signaling Pathway (GO:2001235),4/62,1.0083466809909983e-06,9.92612273271858e-05,0,0,65.4088669950739,903.1132114312971,PYCARD;S100A9;CTSS;S100A8
40,GO_Biological_Process_2023,Myeloid Cell Activation Involved In Immune Response (GO:0002275),3/17,1.15959377718675e-06,9.92612273271858e-05,0,0,194.42532467532467,2657.296616237484,PYCARD;FCER1G;TYROBP
41,GO_Biological_Process_2023,Neutrophil Chemotaxis (GO:0030593),4/70,1.6462555403471631e-06,0.00011743289521143095,0,0,57.457431457431454,765.1610294727685,LGALS3;FCER1G;S100A9;S100A8
42,GO_Biological_Process_2023,Granulocyte Chemotaxis (GO:0071621),4/73,1.949321625104456e-06,0.00011918709364924389,0,0,54.95100069013112,722.4973578226677,LGALS3;FCER1G;S100A9;S100A8
43,GO_Biological_Process_2023,Neutrophil Migration (GO:1990266),4/77,2.4155132216897017e-06,0.00012922995736039904,0,0,51.92954990215264,671.6359632230644,LGALS3;FCER1G;S100A9;S100A8
44,GO_Biological_Process_2023,Antigen Processing And Presentation Of Exogenous Peptide Antigen Via MHC Class II (GO:0019886),3/26,4.401005005035332e-06,0.00020245137618620453,0,0,118.29249011857708,1458.98143951393,FCER1G;IFI30;CTSS
45,GO_Biological_Process_2023,Defense Response To Bacterium (GO:0042742),5/204,4.7301723407991714e-06,0.00020245137618620453,0,0,24.84422110552764,304.62863247558715,PYCARD;FCER1G;LYZ;S100A9;S100A8
46,GO_Biological_Process_2023,Antigen Processing And Presentation Of Peptide Antigen Via MHC Class II (GO:0002495),3/28,5.536136946298406e-06,0.0002154060557287016,0,0,108.8181818181818,1317.1585165679032,FCER1G;IFI30;CTSS
47,GO_Biological_Process_2023,Antigen Processing And Presentation Of Exogenous Peptide Antigen (GO:0002478),3/31,7.577380692619541e-06,0.00027025991137009697,0,0,97.14448051948052,1145.3667432674606,FCER1G;IFI30;CTSS
48,GO_Biological_Process_2023,Regulation Of Inflammatory Response (GO:0050727),5/240,1.042159326103402e-05,0.00034311091659404306,0,0,21.0,240.90424321315285,PYCARD;LGALS2;LGALS1;S100A9;S100A8
49,GO_Biological_Process_2023,Antigen Processing And Presentation Of Exogenous Peptide Antigen Via MHC Class I (GO:0042590),2/6,2.2430970983737597e-05,0.0006400303720693127,0,0,434.1521739130435,4647.628509727224,FCER1G;IFI30
50,GO_Biological_Process_2023,Intracellular Sequestering Of Iron Ion (GO:0006880),2/6,2.2430970983737597e-05,0.0006400303720693127,0,0,434.1521739130435,4647.628509727224,FTH1;FTL
51,GO_Biological_Process_2023,Regulation Of Intrinsic Apoptotic Signaling Pathway (GO:2001242),3/48,2.875081200048924e-05,0.000746132203741789,0,0,60.39393939393939,631.5300358610783,PYCARD;S100A9;S100A8
52,GO_Biological_Process_2023,Positive Regulation Of Leukocyte Differentiation (GO:1902107),2/7,3.1379391746150004e-05,0.000746132203741789,0,0,347.30434782608694,3601.323532363004,LGALS3;LGALS1
53,GO_Biological_Process_2023,Leukocyte Aggregation (GO:0070486),2/7,3.1379391746150004e-05,0.000746132203741789,0,0,347.30434782608694,3601.323532363004,S100A9;S100A8
54,GO_Biological_Process_2023,Positive Regulation Of Cytokine Production (GO:0001819),5/320,4.150406314797424e-05,0.000934933633017525,0,0,15.603174603174605,157.43165081679894,FCN1;PYCARD;FCER1G;TYROBP;AIF1
55,GO_Biological_Process_2023,Pattern Recognition Receptor Signaling Pathway (GO:0002221),3/56,4.577557401145429e-05,0.0009795972838451217,0,0,51.25728987993139,512.1505350215332,FCN1;PYCARD;CTSS
56,GO_Biological_Process_2023,Peptidyl-Cysteine Modification (GO:0018198),2/9,5.371108552771946e-05,0.0010946830764697,0,0,248.0496894409938,2438.797544724613,S100A9;S100A8
57,GO_Biological_Process_2023,Positive Regulation Of Phagocytosis (GO:0050766),3/60,5.632337215026045e-05,0.0010957456036505,0,0,47.65071770334928,466.23372866460375,FCN1;PYCARD;FCER1G
58,GO_Biological_Process_2023,Regulation Of Dendritic Cell Differentiation (GO:2001198),2/10,6.70875366203682e-05,0.0012484115510225,0,0,217.0326086956522,2085.577517249696,LGALS3;LGALS1
59,GO_Biological_Process_2023,Activation Of Cysteine-Type Endopeptidase Activity Involved In Apoptotic Process (GO:0006919),3/67,7.839415188104293e-05,0.0013980290418785,0,0,42.42400568181818,401.0664199979474,PYCARD;S100A9;S100A8
60,GO_Biological_Process_2023,Neutrophil Activation Involved In Immune Response (GO:0002283),2/11,8.193318465282479e-05,0.0014026961212563,0,0,192.9082125603865,1815.1903638966749,FCER1G;TYROBP
61,GO_Biological_Process_2023,Positive Regulation Of Interleukin-6 Production (GO:0032755),3/76,0.00011419222790172148,0.0018797797516129,0,0,37.17683686176837,337.47746996612005,PYCARD;TYROBP;AIF1
62,GO_Biological_Process_2023,Positive Regulation Of Lymphocyte Migration (GO:2000403),2/16,0.0001780806483866989,0.0028229080559076,0,0,123.98136645962732,1070.3651111926358,PYCARD;AIF1
63,GO_Biological_Process_2023,Inflammatory Response (GO:0006954),4/236,0.00019673957606935845,0.0030073049484887,0,0,16.20935960591133,138.32467178360238,LYZ;AIF1;S100A9;S100A8
64,GO_Biological_Process_2023,Regulation Of Lymphocyte Proliferation (GO:0050670),2/18,0.0002267055108576553,0.0031299986660347,0,0,108.47282608695652,910.288628412586,LGALS3;LST1
65,GO_Biological_Process_2023,Antigen Processing And Presentation Of Peptide Antigen Via MHC Class I (GO:0002474),2/18,0.0002267055108576553,0.0031299986660347,0,0,108.47282608695652,910.288628412586,FCER1G;IFI30
66,GO_Biological_Process_2023,Neutrophil Activation (GO:0042119),2/18,0.0002267055108576553,0.0031299986660347,0,0,108.47282608695652,910.288628412586,FCER1G;TYROBP
67,GO_Biological_Process_2023,Microglial Cell Activation (GO:0001774),2/20,0.0002810990498662536,0.0037596997919611,0,0,96.41062801932368,788.3307567801231,TYROBP;AIF1
68,GO_Biological_Process_2023,Positive Regulation Of Apoptotic Process (GO:0043065),4/270,0.0003286066515062376,0.0041775236822303,0,0,14.11313999283924,113.19654373150172,PYCARD;LGALS2;LGALS1;CTSS
69,GO_Biological_Process_2023,Positive Regulation Of Cysteine-Type Endopeptidase Activity Involved In Apoptotic Process (GO:0043280),3/109,0.0003318593579341887,0.0041775236822303,0,0,25.56046312178388,204.7597400703841,PYCARD;S100A9;S100A8
70,GO_Biological_Process_2023,Negative Regulation Of Lymphocyte Activation (GO:0051250),2/23,0.0003734470046022705,0.0043789950185551,0,0,82.62525879917185,652.1392267357223,LGALS3;LST1
71,GO_Biological_Process_2023,Regulation Of T Cell Migration (GO:2000404),2/23,0.0003734470046022705,0.0043789950185551,0,0,82.62525879917185,652.1392267357223,PYCARD;AIF1
72,GO_Biological_Process_2023,Regulation Of Interleukin-6 Production (GO:0032675),3/114,0.0003785579805760263,0.0043789950185551,0,0,24.402948402948404,192.274278888393,PYCARD;TYROBP;AIF1
73,GO_Biological_Process_2023,Regulation Of Cysteine-Type Endopeptidase Activity (GO:2000116),2/24,0.0004070850063970531,0.0045850627036299,0,0,78.86561264822134,615.663500818195,CST3;PYCARD
74,GO_Biological_Process_2023,Positive Regulation Of Intracellular Signal Transduction (GO:1902533),5/525,0.0004204304473580964,0.004613954653058,0,0,9.353365384615383,72.71522777462536,PYCARD;LGALS1;S100A4;S100A9;S100A8
75,GO_Biological_Process_2023,Positive Regulation Of T Cell Migration (GO:2000406),2/25,0.00044214513463833565,0.0047309529406301,0,0,75.43289224952741,582.6340323012631,PYCARD;AIF1
76,GO_Biological_Process_2023,Regulation Of Peptidase Activity (GO:0052547),2/27,0.0005165184917147076,0.0053919491330218,0,0,69.3913043478261,525.1811109155249,CST3;CTSS
77,GO_Biological_Process_2023,Apoptotic Cell Clearance (GO:0043277),2/28,0.0005558250949695229,0.005664122396356,0,0,66.7190635451505,500.0631769582249,FCN1;TYROBP
78,GO_Biological_Process_2023,Defense Response To Fungus (GO:0050832),2/29,0.0005965405735475059,0.0059376596622868,0,0,64.24476650563606,476.9764866217298,S100A9;S100A8
79,GO_Biological_Process_2023,Innate Immune Response Activating Cell Surface Receptor Signaling Pathway (GO:0002220),2/30,0.0006386616282018391,0.0062122375572778,0,0,61.9472049689441,455.6920507677008,FCN1;TYROBP
80,GO_Biological_Process_2023,Positive Regulation Of Leukocyte Migration (GO:0002687),2/31,0.000682184965402003,0.0062122375572778,0,0,59.80809595202399,436.0135628403547,LGALS3;AIF1
81,GO_Biological_Process_2023,Regulation Of Extrinsic Apoptotic Signaling Pathway Via Death Domain Receptors (GO:1902041),2/31,0.000682184965402003,0.0062122375572778,0,0,59.80809595202399,436.0135628403547,LGALS3;GPX1
82,GO_Biological_Process_2023,Positive Regulation Of Mononuclear Cell Migration (GO:0071677),2/31,0.000682184965402003,0.0062122375572778,0,0,59.80809595202399,436.0135628403547,LGALS3;AIF1
83,GO_Biological_Process_2023,Positive Regulation Of NF-kappaB Transcription Factor Activity (GO:0051092),3/152,0.0008754900920978143,0.0078064533212055,0,0,18.14460036607688,127.75117267835856,PYCARD;S100A9;S100A8
84,GO_Biological_Process_2023,Response To Lipopolysaccharide (GO:0032496),3/159,0.000997218835369675,0.008710401255882,0,0,17.3243006993007,119.72027846776956,PYCARD;S100A9;S100A8
85,GO_Biological_Process_2023,Negative Regulation Of Type I Interferon Production (GO:0032480),2/38,0.0010258367119747,0.008781162254504,0,0,48.16183574879227,331.4616349082861,PYCARD;TYROBP
86,GO_Biological_Process_2023,Positive Regulation Of Intrinsic Apoptotic Signaling Pathway (GO:2001244),2/39,0.0010804603907714,0.0088930201394265,0,0,46.85781433607521,320.05611750893536,S100A9;S100A8
87,GO_Biological_Process_2023,Negative Regulation Of Lymphocyte Proliferation (GO:0050672),2/39,0.0010804603907714,0.0088930201394265,0,0,46.85781433607521,320.05611750893536,TYROBP;LST1
88,GO_Biological_Process_2023,Regulation Of Chemokine Production (GO:0032642),2/41,0.0011938231616913,0.0094621539482204,0,0,44.45039018952063,299.1775464324702,PYCARD;AIF1
89,GO_Biological_Process_2023,Regulation Of Release Of Cytochrome C From Mitochondria (GO:0090199),2/41,0.0011938231616913,0.0094621539482204,0,0,44.45039018952063,299.1775464324702,PYCARD;GPX1
90,GO_Biological_Process_2023,Regulation Of Viral Entry Into Host Cell (GO:0046596),2/44,0.0013741073416157,0.010548880348466,0,0,41.26915113871635,271.9616823625152,FCN1;LGALS1
91,GO_Biological_Process_2023,Negative Regulation Of Cytokine Production (GO:0001818),3/178,0.0013802273353133,0.010548880348466,0,0,15.428571428571429,101.60496603225528,PYCARD;SRGN;TYROBP
92,GO_Biological_Process_2023,Regulation Of Apoptotic Signaling Pathway (GO:2001233),2/45,0.0014369198426323,0.0107895033797658,0,0,40.30738119312437,263.82202599575163,PYCARD;CTSS
93,GO_Biological_Process_2023,Regulation Of Fibroblast Proliferation (GO:0048145),2/46,0.0015010858723645,0.0108892331080005,0,0,39.38932806324111,256.0923364971402,FTH1;S100A6
94,GO_Biological_Process_2023,Regulation Of Interleukin-10 Production (GO:0032653),2/46,0.0015010858723645,0.0108892331080005,0,0,39.38932806324111,256.0923364971402,PYCARD;TYROBP
95,GO_Biological_Process_2023,Positive Regulation Of Lymphocyte Activation (GO:0051251),2/47,0.0015666022234334,0.0111750958604922,0,0,38.51207729468599,248.74358384853045,PYCARD;TYROBP
96,GO_Biological_Process_2023,Intracellular Iron Ion Homeostasis (GO:0006879),2/50,0.0017712212130127,0.0124275849044171,0,0,36.09963768115942,228.73040961874747,FTH1;FTL
97,GO_Biological_Process_2023,Icosanoid Metabolic Process (GO:0006690),2/52,0.001914326921873,0.0132150310090589,0,0,34.65217391304348,216.8667907992902,PYCARD;GPX1
98,GO_Biological_Process_2023,Positive Regulation Of Chemokine Production (GO:0032722),2/53,0.0019878781491557,0.013293935122479,0,0,33.971014492753625,211.32306405583657,PYCARD;AIF1
99,GO_Biological_Process_2023,Negative Regulation Of Cysteine-Type Endopeptidase Activity (GO:2000117),2/53,0.0019878781491557,0.013293935122479,0,0,33.971014492753625,211.32306405583657,CST3;GPX1
100,GO_Biological_Process_2023,Positive Regulation Of Interleukin-1 Beta Production (GO:0032731),2/57,0.0022953316425005,0.0151138760460036,0,0,31.49407114624506,191.3856261696762,PYCARD;TYROBP
101,GO_Biological_Process_2023,Regulation Of Phagocytosis (GO:0050764),2/58,0.0023754913784137,0.0154047016660767,0,0,30.930124223602483,186.8968520281422,PYCARD;FCER1G
102,GO_Biological_Process_2023,Regulation Of Extrinsic Apoptotic Signaling Pathway (GO:2001236),2/60,0.0025397444622594,0.0162240392514483,0,0,29.86056971514243,178.43756184160333,PYCARD;LGALS3
103,GO_Biological_Process_2023,Positive Regulation Of Interleukin-8 Production (GO:0032757),2/61,0.002623831538954,0.0165147043922403,0,0,29.35298452468681,174.44829794230515,FCN1;PYCARD
104,GO_Biological_Process_2023,Regulation Of T Cell Activation (GO:0050863),2/62,0.0027092214667341,0.0168050259095972,0,0,28.86231884057971,170.60787877251963,PYCARD;LGALS3
105,GO_Biological_Process_2023,Positive Regulation Of Interleukin-1 Production (GO:0032732),2/64,0.0028838973905792,0.0176329726166843,0,0,27.928471248246844,163.34280993179652,PYCARD;TYROBP
106,GO_Biological_Process_2023,Regulation Of I-kappaB kinase/NF-kappaB Signaling (GO:0043122),3/232,0.0029348205251332,0.0176738864348032,0,0,11.758237395791982,68.56356363748765,PYCARD;LGALS1;S100A4
107,GO_Biological_Process_2023,Positive Regulation Of T Cell Proliferation (GO:0042102),2/65,0.0029731771572566,0.0176738864348032,0,0,27.483781918564528,159.90405525943066,PYCARD;AIF1
108,GO_Biological_Process_2023,Phagocytosis (GO:0006909),2/69,0.0033431691568994,0.0189930937348377,0,0,25.83776768332252,147.29687804184252,TYROBP;AIF1
109,GO_Biological_Process_2023,Response To Molecule Of Bacterial Origin (GO:0002237),2/69,0.0033431691568994,0.0189930937348377,0,0,25.83776768332252,147.29687804184252,S100A9;S100A8
110,GO_Biological_Process_2023,Positive Regulation Of Programmed Cell Death (GO:0043068),3/245,0.0034219580666707,0.0189930937348377,0,0,11.119271224643123,63.130133363871145,PYCARD;LGALS2;LGALS1
111,GO_Biological_Process_2023,Negative Regulation Of Extrinsic Apoptotic Signaling Pathway (GO:2001237),2/70,0.0034388699204844,0.0189930937348377,0,0,25.456521739130437,144.40498019235108,LGALS3;GPX1
112,GO_Biological_Process_2023,Regulation Of Actin Filament Polymerization (GO:0030833),2/70,0.0034388699204844,0.0189930937348377,0,0,25.456521739130437,144.40498019235108,PYCARD;COTL1
113,GO_Biological_Process_2023,Positive Regulation Of DNA-binding Transcription Factor Activity (GO:0051091),3/246,0.0034613582040124,0.0189930937348377,0,0,11.072951739618404,62.74038787705008,PYCARD;S100A9;S100A8
114,GO_Biological_Process_2023,Defense Response To Gram-negative Bacterium (GO:0050829),2/75,0.0039364363425538,0.0213265158811779,0,0,23.706968433591424,131.27685044097217,PYCARD;LYZ
115,GO_Biological_Process_2023,Positive Regulation Of Tumor Necrosis Factor Production (GO:0032760),2/78,0.0042501160167748,0.0227381206897455,0,0,22.767734553775743,124.33024972338757,PYCARD;TYROBP
116,GO_Biological_Process_2023,Positive Regulation Of Endocytosis (GO:0045807),2/79,0.0043571809113362,0.0230231287660732,0,0,22.47092038396386,122.1503504835296,PYCARD;FCER1G
117,GO_Biological_Process_2023,Positive Regulation Of Growth (GO:0045927),2/81,0.004575049991834,0.0235918240542767,0,0,21.899834892680243,117.97742514785251,S100A9;S100A8
118,GO_Biological_Process_2023,Regulation Of Interleukin-8 Production (GO:0032677),2/81,0.004575049991834,0.0235918240542767,0,0,21.899834892680243,117.97742514785251,FCN1;PYCARD
119,GO_Biological_Process_2023,Positive Regulation Of Tumor Necrosis Factor Superfamily Cytokine Production (GO:1903557),2/82,0.0046858481231064,0.0235946234904655,0,0,21.625,115.97938057301393,PYCARD;TYROBP
120,GO_Biological_Process_2023,Negative Regulation Of Apoptotic Signaling Pathway (GO:2001234),2/82,0.0046858481231064,0.0235946234904655,0,0,21.625,115.97938057301393,LGALS3;GPX1
121,GO_Biological_Process_2023,Regulation Of Cysteine-Type Endopeptidase Activity Involved In Apoptotic Process (GO:0043281),2/84,0.0049111564710161,0.0241606318344245,0,0,21.09544008483563,112.14854540617638,PYCARD;GPX1
122,GO_Biological_Process_2023,Regulation Of Interleukin-1 Beta Production (GO:0032651),2/84,0.0049111564710161,0.0241606318344245,0,0,21.09544008483563,112.14854540617638,PYCARD;TYROBP
123,GO_Biological_Process_2023,Cellular Response To Chemical Stress (GO:0062197),2/89,0.0054959408667662,0.0267302578519993,0,0,19.878060969515243,103.4403699896993,GPX1;AIF1
124,GO_Biological_Process_2023,Glycolipid Transport (GO:0046836),1/5,0.0062349390704731,0.0283888715123671,0,0,208.03125,1056.2966607689368,NPC2
125,GO_Biological_Process_2023,Astrocyte Differentiation (GO:0048708),1/5,0.0062349390704731,0.0283888715123671,0,0,208.03125,1056.2966607689368,S100A9
126,GO_Biological_Process_2023,Autocrine Signaling (GO:0035425),1/5,0.0062349390704731,0.0283888715123671,0,0,208.03125,1056.2966607689368,S100A9
127,GO_Biological_Process_2023,Osmosensory Signaling Pathway (GO:0007231),1/5,0.0062349390704731,0.0283888715123671,0,0,208.03125,1056.2966607689368,PYCARD
128,GO_Biological_Process_2023,Regulation Of T Cell Activation Via T Cell Receptor Contact With Antigen Bound To MHC Molecule On Antigen Presenting Cell (GO:2001188),1/5,0.0062349390704731,0.0283888715123671,0,0,208.03125,1056.2966607689368,LGALS3
129,GO_Biological_Process_2023,Regulation Of Blood Vessel Remodeling (GO:0060312),1/5,0.0062349390704731,0.0283888715123671,0,0,208.03125,1056.2966607689368,CST3
130,GO_Biological_Process_2023,Positive Regulation Of Supramolecular Fiber Organization (GO:1902905),2/96,0.0063656858988136,0.0286790901546549,0,0,18.39130434782609,93.00176010517843,PYCARD;GPX1
131,GO_Biological_Process_2023,Antimicrobial Humoral Response (GO:0019730),2/100,0.0068890740028299,0.0303971512702188,0,0,17.637089618456077,87.79423275712823,LYZ;S100A9
132,GO_Biological_Process_2023,Regulation Of Organelle Organization (GO:0033043),2/100,0.0068890740028299,0.0303971512702188,0,0,17.637089618456077,87.79423275712823,S100A9;S100A8
133,GO_Biological_Process_2023,Interleukin-3-Mediated Signaling Pathway (GO:0038156),1/6,0.007477446810139,0.03137595328176,0,0,166.41666666666666,814.7533474976135,FCER1G
134,GO_Biological_Process_2023,Regulation Of Osteoclast Development (GO:2001204),1/6,0.007477446810139,0.03137595328176,0,0,166.41666666666666,814.7533474976135,TYROBP
135,GO_Biological_Process_2023,Macropinocytosis (GO:0044351),1/6,0.007477446810139,0.03137595328176,0,0,166.41666666666666,814.7533474976135,PYCARD
136,GO_Biological_Process_2023,Polyamine Biosynthetic Process (GO:0006596),1/6,0.007477446810139,0.03137595328176,0,0,166.41666666666666,814.7533474976135,SAT1
137,GO_Biological_Process_2023,Regulation Of Transforming Growth Factor Beta1 Production (GO:0032908),1/6,0.007477446810139,0.03137595328176,0,0,166.41666666666666,814.7533474976135,TYROBP
138,GO_Biological_Process_2023,Positive Regulation Of Cell Growth (GO:0030307),2/106,0.0077096444199907,0.0320001701843757,0,0,16.61454849498328,80.8344838642323,S100A9;S100A8
139,GO_Biological_Process_2023,Proteolysis (GO:0006508),3/330,0.0078230983665494,0.0320001701843757,0,0,8.19349457881568,39.74397597593186,FCN1;SRGN;CTSS
140,GO_Biological_Process_2023,Positive Regulation Of T Cell Activation (GO:0050870),2/107,0.0078505090405594,0.0320001701843757,0,0,16.455486542443065,79.76265430206625,PYCARD;AIF1
141,GO_Biological_Process_2023,Response To Lipid (GO:0033993),2/110,0.0082800784595132,0.0330281565976006,0,0,15.99597423510467,76.68314623174774,S100A9;S100A8
142,GO_Biological_Process_2023,Spermidine Metabolic Process (GO:0008216),1/7,0.0087184638276748,0.0330281565976006,0,0,138.67361111111111,657.6335609979999,SAT1
143,GO_Biological_Process_2023,UV Protection (GO:0009650),1/7,0.0087184638276748,0.0330281565976006,0,0,138.67361111111111,657.6335609979999,GPX1
144,GO_Biological_Process_2023,Regulation Of Lymphocyte Apoptotic Process (GO:0070228),1/7,0.0087184638276748,0.0330281565976006,0,0,138.67361111111111,657.6335609979999,LGALS3
145,GO_Biological_Process_2023,Regulation Of Mammary Gland Epithelial Cell Proliferation (GO:0033599),1/7,0.0087184638276748,0.0330281565976006,0,0,138.67361111111111,657.6335609979999,GPX1
146,GO_Biological_Process_2023,Lipoxygenase Pathway (GO:0019372),1/7,0.0087184638276748,0.0330281565976006,0,0,138.67361111111111,657.6335609979999,GPX1
147,GO_Biological_Process_2023,Positive Regulation Of Calcium Ion Import (GO:0090280),1/7,0.0087184638276748,0.0330281565976006,0,0,138.67361111111111,657.6335609979999,LGALS3
148,GO_Biological_Process_2023,Positive Regulation Of Cellular Component Organization (GO:0051130),2/113,0.008720050690488,0.0330281565976006,0,0,15.561300430865648,73.79371315940043,LGALS3;GPX1
149,GO_Biological_Process_2023,Regulation Of Cytoskeleton Organization (GO:0051493),2/114,0.008869006431999,0.033297673271014,0,0,15.421583850931675,72.86995240244488,S100A9;S100A8
150,GO_Biological_Process_2023,Protein Maturation (GO:0051604),2/117,0.0093227286124495,0.0341036568045164,0,0,15.017013232514175,70.20904081803023,SRGN;CTSS
151,GO_Biological_Process_2023,Protein Processing (GO:0016485),2/117,0.0093227286124495,0.0341036568045164,0,0,15.017013232514175,70.20904081803023,SRGN;CTSS
152,GO_Biological_Process_2023,Cellular Response To Oxidative Stress (GO:0034599),2/117,0.0093227286124495,0.0341036568045164,0,0,15.017013232514175,70.20904081803023,GPX1;AIF1
153,GO_Biological_Process_2023,Negative Regulation Of Long-Term Synaptic Potentiation (GO:1900272),1/8,0.0099579917015561,0.034934593838246,0,0,118.85714285714286,547.8577209909951,TYROBP
154,GO_Biological_Process_2023,Positive Regulation Of Opsonization (GO:1903028),1/8,0.0099579917015561,0.034934593838246,0,0,118.85714285714286,547.8577209909951,FCN1
155,GO_Biological_Process_2023,Cell Surface Pattern Recognition Receptor Signaling Pathway (GO:0002752),1/8,0.0099579917015561,0.034934593838246,0,0,118.85714285714286,547.8577209909951,FCN1
156,GO_Biological_Process_2023,Positive Regulation Of Adaptive Immune Response (GO:0002821),1/8,0.0099579917015561,0.034934593838246,0,0,118.85714285714286,547.8577209909951,PYCARD
157,GO_Biological_Process_2023,"Complement Activation, Lectin Pathway (GO:0001867)",1/8,0.0099579917015561,0.034934593838246,0,0,118.85714285714286,547.8577209909951,FCN1
158,GO_Biological_Process_2023,Regulation Of Protein Catabolic Process (GO:0042176),2/122,0.0101016113624518,0.0351503224644665,0,0,14.38768115942029,66.11226289351413,GPX1;OAZ1
159,GO_Biological_Process_2023,Regulation Of Tumor Necrosis Factor Production (GO:0032680),2/127,0.0109085365706466,0.0376520455825544,0,0,13.808695652173911,62.39058159947264,PYCARD;TYROBP
160,GO_Biological_Process_2023,Negative Regulation Of Extracellular Matrix Organization (GO:1903054),1/9,0.0111960320481715,0.0377315095796646,0,0,103.99479166666669,467.1649710127919,CST3
161,GO_Biological_Process_2023,Negative Regulation Of Transforming Growth Factor Beta Production (GO:0071635),1/9,0.0111960320481715,0.0377315095796646,0,0,103.99479166666669,467.1649710127919,TYROBP
162,GO_Biological_Process_2023,Pinocytosis (GO:0006907),1/9,0.0111960320481715,0.0377315095796646,0,0,103.99479166666669,467.1649710127919,PYCARD
163,GO_Biological_Process_2023,Negative Regulation Of Interferon-Beta Production (GO:0032688),1/10,0.0124325865055395,0.0406194429341293,0,0,92.4351851851852,405.55330287566494,PYCARD
164,GO_Biological_Process_2023,Regulation Of Opsonization (GO:1903027),1/10,0.0124325865055395,0.0406194429341293,0,0,92.4351851851852,405.55330287566494,FCN1
165,GO_Biological_Process_2023,Basement Membrane Organization (GO:0071711),1/10,0.0124325865055395,0.0406194429341293,0,0,92.4351851851852,405.55330287566494,CTSS
166,GO_Biological_Process_2023,Negative Regulation Of B Cell Proliferation (GO:0030889),1/10,0.0124325865055395,0.0406194429341293,0,0,92.4351851851852,405.55330287566494,TYROBP
167,GO_Biological_Process_2023,Biogenic Amine Biosynthetic Process (GO:0042401),1/11,0.0136676567242548,0.0423895440433412,0,0,83.1875,357.1008995813401,SAT1
168,GO_Biological_Process_2023,Macrophage Activation Involved In Immune Response (GO:0002281),1/11,0.0136676567242548,0.0423895440433412,0,0,83.1875,357.1008995813401,TYROBP
169,GO_Biological_Process_2023,Macrophage Chemotaxis (GO:0048246),1/11,0.0136676567242548,0.0423895440433412,0,0,83.1875,357.1008995813401,LGALS3
170,GO_Biological_Process_2023,Polyamine Metabolic Process (GO:0006595),1/11,0.0136676567242548,0.0423895440433412,0,0,83.1875,357.1008995813401,SAT1
171,GO_Biological_Process_2023,Cellular Response To Thyroid Hormone Stimulus (GO:0097067),1/11,0.0136676567242548,0.0423895440433412,0,0,83.1875,357.1008995813401,CTSS
172,GO_Biological_Process_2023,Regulation Of T Cell Apoptotic Process (GO:0070232),1/11,0.0136676567242548,0.0423895440433412,0,0,83.1875,357.1008995813401,LGALS3
173,GO_Biological_Process_2023,Regulation Of Cell Activation (GO:0050865),1/11,0.0136676567242548,0.0423895440433412,0,0,83.1875,357.1008995813401,FCER1G
174,GO_Biological_Process_2023,Positive Regulation Of Myeloid Leukocyte Mediated Immunity (GO:0002888),1/12,0.0149012443701484,0.0442898096557189,0,0,75.62121212121212,318.08630270790064,TYROBP
175,GO_Biological_Process_2023,Positive Regulation Of Protein Localization To Cell Surface (GO:2000010),1/12,0.0149012443701484,0.0442898096557189,0,0,75.62121212121212,318.08630270790064,TYROBP
176,GO_Biological_Process_2023,Positive Regulation Of Viral Entry Into Host Cell (GO:0046598),1/12,0.0149012443701484,0.0442898096557189,0,0,75.62121212121212,318.08630270790064,LGALS1
177,GO_Biological_Process_2023,Macrophage Migration (GO:1905517),1/12,0.0149012443701484,0.0442898096557189,0,0,75.62121212121212,318.08630270790064,LGALS3
178,GO_Biological_Process_2023,Positive Regulation By Symbiont Of Entry Into Host (GO:0075294),1/12,0.0149012443701484,0.0442898096557189,0,0,75.62121212121212,318.08630270790064,LGALS1
179,GO_Biological_Process_2023,Response To Thyroid Hormone (GO:0097066),1/12,0.0149012443701484,0.0442898096557189,0,0,75.62121212121212,318.08630270790064,CTSS
180,GO_Biological_Process_2023,Positive Regulation Of Superoxide Anion Generation (GO:0032930),1/13,0.016133351108423,0.0469732943837078,0,0,69.31597222222223,286.05777422638903,TYROBP
181,GO_Biological_Process_2023,Myeloid Dendritic Cell Activation (GO:0001773),1/13,0.016133351108423,0.0469732943837078,0,0,69.31597222222223,286.05777422638903,PYCARD
182,GO_Biological_Process_2023,Negative Regulation Of Bone Mineralization (GO:0030502),1/13,0.016133351108423,0.0469732943837078,0,0,69.31597222222223,286.05777422638903,SRGN
183,GO_Biological_Process_2023,Regulation Of Extracellular Matrix Disassembly (GO:0010715),1/14,0.0173639786153884,0.0495452189825749,0,0,63.98076923076923,259.3369252570107,CST3
184,GO_Biological_Process_2023,Negative Regulation Of Smooth Muscle Cell Migration (GO:0014912),1/14,0.0173639786153884,0.0495452189825749,0,0,63.98076923076923,259.3369252570107,AIF1
185,GO_Biological_Process_2023,Regulation Of Superoxide Anion Generation (GO:0032928),1/14,0.0173639786153884,0.0495452189825749,0,0,63.98076923076923,259.3369252570107,TYROBP
186,GO_Biological_Process_2023,B Cell Mediated Immunity (GO:0019724),1/15,0.0185931285667873,0.0510119168370832,0,0,59.407738095238095,236.7376500104764,FCER1G
187,GO_Biological_Process_2023,Negative Regulation Of Immune Effector Process (GO:0002698),1/15,0.0185931285667873,0.0510119168370832,0,0,59.407738095238095,236.7376500104764,LGALS3
188,GO_Biological_Process_2023,T Cell Homeostasis (GO:0043029),1/15,0.0185931285667873,0.0510119168370832,0,0,59.407738095238095,236.7376500104764,LGALS2
189,GO_Biological_Process_2023,Positive Regulation Of Syncytium Formation By Plasma Membrane Fusion (GO:0060143),1/15,0.0185931285667873,0.0510119168370832,0,0,59.407738095238095,236.7376500104764,TYROBP
190,GO_Biological_Process_2023,Intracellular Sterol Transport (GO:0032366),1/15,0.0185931285667873,0.0510119168370832,0,0,59.407738095238095,236.7376500104764,NPC2
191,GO_Biological_Process_2023,Astrocyte Development (GO:0014002),1/15,0.0185931285667873,0.0510119168370832,0,0,59.407738095238095,236.7376500104764,S100A9
192,GO_Biological_Process_2023,Negative Regulation Of Interleukin-10 Production (GO:0032693),1/16,0.0198208026407264,0.052044806933932,0,0,55.44444444444444,217.3989559937,TYROBP
193,GO_Biological_Process_2023,Heart Process (GO:0003015),1/16,0.0198208026407264,0.052044806933932,0,0,55.44444444444444,217.3989559937,GPX1
194,GO_Biological_Process_2023,Negative Regulation Of Release Of Cytochrome C From Mitochondria (GO:0090201),1/16,0.0198208026407264,0.052044806933932,0,0,55.44444444444444,217.3989559937,GPX1
195,GO_Biological_Process_2023,Innate Immune Response-Activating Signaling Pathway (GO:0002758),1/16,0.0198208026407264,0.052044806933932,0,0,55.44444444444444,217.3989559937,PYCARD
196,GO_Biological_Process_2023,Positive Regulation Of Smooth Muscle Cell Migration (GO:0014911),1/16,0.0198208026407264,0.052044806933932,0,0,55.44444444444444,217.3989559937,AIF1
197,GO_Biological_Process_2023,Intracellular Cholesterol Transport (GO:0032367),1/16,0.0198208026407264,0.052044806933932,0,0,55.44444444444444,217.3989559937,NPC2
198,GO_Biological_Process_2023,Regulation Of Natural Killer Cell Activation (GO:0032814),1/16,0.0198208026407264,0.052044806933932,0,0,55.44444444444444,217.3989559937,TYROBP
199,GO_Biological_Process_2023,Positive Regulation Of I-kappaB kinase/NF-kappaB Signaling (GO:0043123),2/175,0.0200140359597979,0.0522317523828874,0,0,9.953254586579543,38.93037819746496,LGALS1;S100A4
200,GO_Biological_Process_2023,Negative Regulation Of Fibroblast Proliferation (GO:0048147),1/17,0.0210470025189844,0.0529572243791206,0,0,51.9765625,200.68135849118187,FTH1
201,GO_Biological_Process_2023,Rac Protein Signal Transduction (GO:0016601),1/17,0.0210470025189844,0.0529572243791206,0,0,51.9765625,200.68135849118187,AIF1
202,GO_Biological_Process_2023,Carbohydrate Derivative Transport (GO:1901264),1/17,0.0210470025189844,0.0529572243791206,0,0,51.9765625,200.68135849118187,NPC2
203,GO_Biological_Process_2023,Carboxylic Acid Biosynthetic Process (GO:0046394),1/17,0.0210470025189844,0.0529572243791206,0,0,51.9765625,200.68135849118187,PYCARD
204,GO_Biological_Process_2023,Positive Chemotaxis (GO:0050918),1/17,0.0210470025189844,0.0529572243791206,0,0,51.9765625,200.68135849118187,LGALS3
205,GO_Biological_Process_2023,Response To Acidic pH (GO:0010447),1/17,0.0210470025189844,0.0529572243791206,0,0,51.9765625,200.68135849118187,CTSS
206,GO_Biological_Process_2023,Positive Regulation Of Interleukin-4 Production (GO:0032753),1/18,0.0222717298790694,0.0529572243791206,0,0,48.91666666666666,186.10038260880103,FCER1G
207,GO_Biological_Process_2023,Positive Regulation Of Natural Killer Cell Activation (GO:0032816),1/18,0.0222717298790694,0.0529572243791206,0,0,48.91666666666666,186.10038260880103,TYROBP
208,GO_Biological_Process_2023,Positive Regulation Of Osteoclast Differentiation (GO:0045672),1/18,0.0222717298790694,0.0529572243791206,0,0,48.91666666666666,186.10038260880103,TYROBP
209,GO_Biological_Process_2023,Icosanoid Biosynthetic Process (GO:0046456),1/18,0.0222717298790694,0.0529572243791206,0,0,48.91666666666666,186.10038260880103,PYCARD
210,GO_Biological_Process_2023,Negative Regulation Of Viral Entry Into Host Cell (GO:0046597),1/18,0.0222717298790694,0.0529572243791206,0,0,48.91666666666666,186.10038260880103,FCN1
211,GO_Biological_Process_2023,Intracellular Lipid Transport (GO:0032365),1/18,0.0222717298790694,0.0529572243791206,0,0,48.91666666666666,186.10038260880103,NPC2
212,GO_Biological_Process_2023,Response To Axon Injury (GO:0048678),1/18,0.0222717298790694,0.0529572243791206,0,0,48.91666666666666,186.10038260880103,TYROBP
213,GO_Biological_Process_2023,Positive Regulation Of Cation Transmembrane Transport (GO:1904064),1/18,0.0222717298790694,0.0529572243791206,0,0,48.91666666666666,186.10038260880103,CTSS
214,GO_Biological_Process_2023,Negative Regulation Of T Cell Receptor Signaling Pathway (GO:0050860),1/18,0.0222717298790694,0.0529572243791206,0,0,48.91666666666666,186.10038260880103,LGALS3
215,GO_Biological_Process_2023,Regulation Of Adaptive Immune Response (GO:0002819),1/18,0.0222717298790694,0.0529572243791206,0,0,48.91666666666666,186.10038260880103,PYCARD
216,GO_Biological_Process_2023,Intracellular Monoatomic Cation Homeostasis (GO:0030003),2/190,0.0233357156156828,0.0540637321627234,0,0,9.152173913043478,34.39176669765136,FTH1;FTL
217,GO_Biological_Process_2023,Stimulatory C-type Lectin Receptor Signaling Pathway (GO:0002223),1/19,0.0234949864071648,0.0540637321627234,0,0,46.19675925925926,173.2825760780302,TYROBP
218,GO_Biological_Process_2023,Intrinsic Apoptotic Signaling Pathway In Response To DNA Damage By P53 Class Mediator (GO:0042771),1/19,0.0234949864071648,0.0540637321627234,0,0,46.19675925925926,173.2825760780302,PYCARD
219,GO_Biological_Process_2023,Regulation Of Tissue Remodeling (GO:0034103),1/19,0.0234949864071648,0.0540637321627234,0,0,46.19675925925926,173.2825760780302,CST3
220,GO_Biological_Process_2023,Cellular Response To Lectin (GO:1990858),1/19,0.0234949864071648,0.0540637321627234,0,0,46.19675925925926,173.2825760780302,TYROBP
221,GO_Biological_Process_2023,Positive Regulation Of Activated T Cell Proliferation (GO:0042104),1/19,0.0234949864071648,0.0540637321627234,0,0,46.19675925925926,173.2825760780302,PYCARD
222,GO_Biological_Process_2023,Negative Regulation Of Phosphoprotein Phosphatase Activity (GO:0032515),1/20,0.0247167737784927,0.0550978082145566,0,0,43.76315789473684,161.93563879493826,LGALS3
223,GO_Biological_Process_2023,Hydrogen Peroxide Catabolic Process (GO:0042744),1/20,0.0247167737784927,0.0550978082145566,0,0,43.76315789473684,161.93563879493826,GPX1
224,GO_Biological_Process_2023,Negative Regulation Of Viral Life Cycle (GO:1903901),1/20,0.0247167737784927,0.0550978082145566,0,0,43.76315789473684,161.93563879493826,FCN1
225,GO_Biological_Process_2023,Negative Regulation Of B Cell Activation (GO:0050869),1/20,0.0247167737784927,0.0550978082145566,0,0,43.76315789473684,161.93563879493826,TYROBP
226,GO_Biological_Process_2023,Regulation Of Calcium Ion Import (GO:0090279),1/20,0.0247167737784927,0.0550978082145566,0,0,43.76315789473684,161.93563879493826,LGALS3
227,GO_Biological_Process_2023,Negative Regulation Of Cytokine Production Involved In Inflammatory Response (GO:1900016),1/20,0.0247167737784927,0.0550978082145566,0,0,43.76315789473684,161.93563879493826,PYCARD
228,GO_Biological_Process_2023,Negative Regulation Of Biomineral Tissue Development (GO:0070168),1/21,0.0259370936730085,0.0575185289743402,0,0,41.57291666666666,151.8276651730302,SRGN
229,GO_Biological_Process_2023,Fc Receptor Mediated Stimulatory Signaling Pathway (GO:0002431),1/22,0.0271559477765973,0.0587007355978973,0,0,39.59126984126984,142.77242140898989,FCER1G
230,GO_Biological_Process_2023,Fc-epsilon Receptor Signaling Pathway (GO:0038095),1/22,0.0271559477765973,0.0587007355978973,0,0,39.59126984126984,142.77242140898989,FCER1G
231,GO_Biological_Process_2023,Regulation Of Mononuclear Cell Migration (GO:0071675),1/22,0.0271559477765973,0.0587007355978973,0,0,39.59126984126984,142.77242140898989,LGALS3
232,GO_Biological_Process_2023,Positive Regulation Of Viral Life Cycle (GO:1903902),1/22,0.0271559477765973,0.0587007355978973,0,0,39.59126984126984,142.77242140898989,LGALS1
233,GO_Biological_Process_2023,Cellular Response To Low-Density Lipoprotein Particle Stimulus (GO:0071404),1/22,0.0271559477765973,0.0587007355978973,0,0,39.59126984126984,142.77242140898989,FCER1G
234,GO_Biological_Process_2023,Negative Regulation Of Extrinsic Apoptotic Signaling Pathway Via Death Domain Receptors (GO:1902042),1/23,0.0283733377644313,0.0595283753096892,0,0,37.78977272727273,134.6187109177605,GPX1
235,GO_Biological_Process_2023,Glial Cell Development (GO:0021782),1/23,0.0283733377644313,0.0595283753096892,0,0,37.78977272727273,134.6187109177605,S100A9
236,GO_Biological_Process_2023,Positive Regulation Of Neuron Apoptotic Process (GO:0043525),1/23,0.0283733377644313,0.0595283753096892,0,0,37.78977272727273,134.6187109177605,TYROBP
237,GO_Biological_Process_2023,Regulation Of Interleukin-4 Production (GO:0032673),1/23,0.0283733377644313,0.0595283753096892,0,0,37.78977272727273,134.6187109177605,FCER1G
238,GO_Biological_Process_2023,Immune Response-Activating Cell Surface Receptor Signaling Pathway (GO:0002429),1/23,0.0283733377644313,0.0595283753096892,0,0,37.78977272727273,134.6187109177605,FCER1G
239,GO_Biological_Process_2023,Cholesterol Efflux (GO:0033344),1/23,0.0283733377644313,0.0595283753096892,0,0,37.78977272727273,134.6187109177605,NPC2
240,GO_Biological_Process_2023,Fc-gamma Receptor Signaling Pathway (GO:0038094),1/24,0.0295892653137072,0.0597368186522014,0,0,36.14492753623188,127.2425658336615,FCER1G
241,GO_Biological_Process_2023,Negative Regulation Of Ossification (GO:0030279),1/24,0.0295892653137072,0.0597368186522014,0,0,36.14492753623188,127.2425658336615,SRGN
242,GO_Biological_Process_2023,Iron Ion Transport (GO:0006826),1/24,0.0295892653137072,0.0597368186522014,0,0,36.14492753623188,127.2425658336615,FTH1
243,GO_Biological_Process_2023,Regulation Of Proteolysis Involved In Protein Catabolic Process (GO:1903050),1/24,0.0295892653137072,0.0597368186522014,0,0,36.14492753623188,127.2425658336615,GPX1
244,GO_Biological_Process_2023,Regulation Of Supramolecular Fiber Organization (GO:1902903),1/24,0.0295892653137072,0.0597368186522014,0,0,36.14492753623188,127.2425658336615,GPX1
245,GO_Biological_Process_2023,Negative Regulation Of Antigen Receptor-Mediated Signaling Pathway (GO:0050858),1/24,0.0295892653137072,0.0597368186522014,0,0,36.14492753623188,127.2425658336615,LGALS3
246,GO_Biological_Process_2023,Eosinophil Chemotaxis (GO:0048245),1/24,0.0295892653137072,0.0597368186522014,0,0,36.14492753623188,127.2425658336615,LGALS3
247,GO_Biological_Process_2023,Eosinophil Migration (GO:0072677),1/24,0.0295892653137072,0.0597368186522014,0,0,36.14492753623188,127.2425658336615,LGALS3
248,GO_Biological_Process_2023,Sterol Transport (GO:0015918),1/25,0.0308037321003649,0.0604770520135605,0,0,34.63715277777778,120.54142818278338,NPC2
249,GO_Biological_Process_2023,Positive Regulation Of Peptidase Activity (GO:0010952),1/25,0.0308037321003649,0.0604770520135605,0,0,34.63715277777778,120.54142818278338,CTSS
250,GO_Biological_Process_2023,Positive Regulation Of Release Of Cytochrome C From Mitochondria (GO:0090200),1/25,0.0308037321003649,0.0604770520135605,0,0,34.63715277777778,120.54142818278338,PYCARD
251,GO_Biological_Process_2023,Organophosphate Ester Transport (GO:0015748),1/25,0.0308037321003649,0.0604770520135605,0,0,34.63715277777778,120.54142818278338,NPC2
252,GO_Biological_Process_2023,Osteoclast Differentiation (GO:0030316),1/25,0.0308037321003649,0.0604770520135605,0,0,34.63715277777778,120.54142818278338,TYROBP
253,GO_Biological_Process_2023,Secretory Granule Organization (GO:0033363),1/25,0.0308037321003649,0.0604770520135605,0,0,34.63715277777778,120.54142818278338,SRGN
254,GO_Biological_Process_2023,Fc Receptor Signaling Pathway (GO:0038093),1/26,0.0320167398038226,0.0622871119819822,0,0,33.25,114.42975510355669,FCER1G
255,GO_Biological_Process_2023,Protein Localization To Cell Surface (GO:0034394),1/26,0.0320167398038226,0.0622871119819822,0,0,33.25,114.42975510355669,FCN1
256,GO_Biological_Process_2023,Regulation Of Cell Growth (GO:0001558),2/227,0.0324168658827826,0.0627801746508188,0,0,7.632850241545894,26.173626930938735,S100A9;S100A8
257,GO_Biological_Process_2023,T Cell Activation Involved In Immune Response (GO:0002286),1/27,0.0332282900970065,0.0637744760606223,0,0,31.96955128205128,108.83565874121032,FCER1G
258,GO_Biological_Process_2023,Regulation Of Actin Polymerization Or Depolymerization (GO:0008064),1/27,0.0332282900970065,0.0637744760606223,0,0,31.96955128205128,108.83565874121032,COTL1
259,GO_Biological_Process_2023,Regulation Of Chemotaxis (GO:0050920),1/28,0.0344383846472214,0.0646474939868894,0,0,30.78395061728395,103.69830823466704,AIF1
260,GO_Biological_Process_2023,Regulation Of Platelet Activation (GO:0010543),1/28,0.0344383846472214,0.0646474939868894,0,0,30.78395061728395,103.69830823466704,FCER1G
261,GO_Biological_Process_2023,Cellular Response To Osmotic Stress (GO:0071470),1/28,0.0344383846472214,0.0646474939868894,0,0,30.78395061728395,103.69830823466704,PYCARD
262,GO_Biological_Process_2023,Pyroptosis (GO:0070269),1/28,0.0344383846472214,0.0646474939868894,0,0,30.78395061728395,103.69830823466704,PYCARD
263,GO_Biological_Process_2023,Positive Regulation Of Fibroblast Proliferation (GO:0048146),1/28,0.0344383846472214,0.0646474939868894,0,0,30.78395061728395,103.69830823466704,S100A6
264,GO_Biological_Process_2023,Positive Regulation Of Calcium Ion Transport (GO:0051928),1/29,0.0356470251349897,0.0663344641642418,0,0,29.683035714285715,98.96590013795104,LGALS3
265,GO_Biological_Process_2023,Positive Regulation Of Endopeptidase Activity (GO:0010950),1/29,0.0356470251349897,0.0663344641642418,0,0,29.683035714285715,98.96590013795104,PYCARD
266,GO_Biological_Process_2023,Positive Regulation Of Interleukin-10 Production (GO:0032733),1/30,0.0368542132262458,0.0675133069714003,0,0,28.658045977011493,94.59405781572389,PYCARD
267,GO_Biological_Process_2023,Immunoglobulin Mediated Immune Response (GO:0016064),1/30,0.0368542132262458,0.0675133069714003,0,0,28.658045977011493,94.59405781572389,FCER1G
268,GO_Biological_Process_2023,"Phagocytosis, Engulfment (GO:0006911)",1/30,0.0368542132262458,0.0675133069714003,0,0,28.658045977011493,94.59405781572389,AIF1
269,GO_Biological_Process_2023,Positive Regulation Of Cellular Process (GO:0048522),3/594,0.0369114809142702,0.0675133069714003,0,0,4.472542685740655,14.755958814558111,AIF1;S100A9;S100A8
270,GO_Biological_Process_2023,Toll-Like Receptor Signaling Pathway (GO:0002224),1/31,0.0380599505912853,0.0681575684228875,0,0,27.70138888888889,90.5445579257637,CTSS
271,GO_Biological_Process_2023,Regulation Of Long-Term Synaptic Potentiation (GO:1900271),1/31,0.0380599505912853,0.0681575684228875,0,0,27.70138888888889,90.5445579257637,TYROBP
272,GO_Biological_Process_2023,Regulation Of Protein Localization To Cell Surface (GO:2000008),1/31,0.0380599505912853,0.0681575684228875,0,0,27.70138888888889,90.5445579257637,TYROBP
273,GO_Biological_Process_2023,Positive Regulation Of G1/S Transition Of Mitotic Cell Cycle (GO:1900087),1/31,0.0380599505912853,0.0681575684228875,0,0,27.70138888888889,90.5445579257637,AIF1
274,GO_Biological_Process_2023,Positive Regulation Of Extrinsic Apoptotic Signaling Pathway (GO:2001238),1/31,0.0380599505912853,0.0681575684228875,0,0,27.70138888888889,90.5445579257637,PYCARD
275,GO_Biological_Process_2023,Transition Metal Ion Transport (GO:0000041),1/32,0.0392642388923452,0.0700212260246822,0,0,26.806451612903224,86.78430889945572,FTH1
276,GO_Biological_Process_2023,Negative Regulation Of Endocytosis (GO:0045806),1/33,0.040467079797891,0.0701210937388557,0,0,25.967447916666668,83.2845252717618,LGALS3
277,GO_Biological_Process_2023,Positive Regulation Of Ion Transmembrane Transporter Activity (GO:0032414),1/33,0.040467079797891,0.0701210937388557,0,0,25.967447916666668,83.2845252717618,CTSS
278,GO_Biological_Process_2023,Actin Filament Bundle Assembly (GO:0051017),1/33,0.040467079797891,0.0701210937388557,0,0,25.967447916666668,83.2845252717618,AIF1
279,GO_Biological_Process_2023,Actin Filament Bundle Organization (GO:0061572),1/33,0.040467079797891,0.0701210937388557,0,0,25.967447916666668,83.2845252717618,AIF1
280,GO_Biological_Process_2023,Regulation Of Protein Polymerization (GO:0032271),1/33,0.040467079797891,0.0701210937388557,0,0,25.967447916666668,83.2845252717618,COTL1
281,GO_Biological_Process_2023,Regulation Of Activated T Cell Proliferation (GO:0046006),1/33,0.040467079797891,0.0701210937388557,0,0,25.967447916666668,83.2845252717618,PYCARD
282,GO_Biological_Process_2023,Signal Transduction By P53 Class Mediator (GO:0072331),1/33,0.040467079797891,0.0701210937388557,0,0,25.967447916666668,83.2845252717618,PYCARD
283,GO_Biological_Process_2023,Cytokine-Mediated Signaling Pathway (GO:0019221),2/257,0.0406410310553414,0.0701385535955087,0,0,6.72463768115942,21.53886053605737,PYCARD;FCER1G
284,GO_Biological_Process_2023,Positive Regulation Of Neuron Death (GO:1901216),1/34,0.041668474974439,0.0713364291562395,0,0,25.17929292929293,80.0200555972378,TYROBP
285,GO_Biological_Process_2023,Regulation Of T Cell Receptor Signaling Pathway (GO:0050856),1/34,0.041668474974439,0.0713364291562395,0,0,25.17929292929293,80.0200555972378,LGALS3
286,GO_Biological_Process_2023,Intrinsic Apoptotic Signaling Pathway By P53 Class Mediator (GO:0072332),1/35,0.0428684260822968,0.0728082792191391,0,0,24.4375,76.96883173102468,PYCARD
287,GO_Biological_Process_2023,Macrophage Activation (GO:0042116),1/35,0.0428684260822968,0.0728082792191391,0,0,24.4375,76.96883173102468,AIF1
288,GO_Biological_Process_2023,Regulation Of Intracellular Protein Transport (GO:0033157),1/36,0.044066934781374,0.0745480161518897,0,0,23.73809523809524,74.11141474490151,OAZ1
289,GO_Biological_Process_2023,Positive Regulation Of Immune Effector Process (GO:0002699),1/37,0.0452640027356933,0.0759725222387323,0,0,23.077546296296298,71.43061833824453,FCN1
290,GO_Biological_Process_2023,Negative Regulation Of Smooth Muscle Cell Proliferation (GO:0048662),1/37,0.0452640027356933,0.0759725222387323,0,0,23.077546296296298,71.43061833824453,AIF1
291,GO_Biological_Process_2023,Tumor Necrosis Factor-Mediated Signaling Pathway (GO:0033209),1/38,0.0464596315903414,0.077372460391697,0,0,22.4527027027027,68.91119481281235,PYCARD
292,GO_Biological_Process_2023,Positive Regulation Of Cation Channel Activity (GO:2001259),1/38,0.0464596315903414,0.077372460391697,0,0,22.4527027027027,68.91119481281235,CTSS
293,GO_Biological_Process_2023,Positive Regulation Of Intracellular Transport (GO:0032388),1/39,0.0476538230195537,0.0781449664841724,0,0,21.86074561403509,66.53957181391064,OAZ1
294,GO_Biological_Process_2023,Negative Regulation Of Mitochondrion Organization (GO:0010823),1/39,0.0476538230195537,0.0781449664841724,0,0,21.86074561403509,66.53957181391064,GPX1
295,GO_Biological_Process_2023,Negative Regulation Of Transport (GO:0051051),1/39,0.0476538230195537,0.0781449664841724,0,0,21.86074561403509,66.53957181391064,LGALS3
296,GO_Biological_Process_2023,Retina Homeostasis (GO:0001895),1/39,0.0476538230195537,0.0781449664841724,0,0,21.86074561403509,66.53957181391064,LYZ
297,GO_Biological_Process_2023,Regulation Of Cytokine-Mediated Signaling Pathway (GO:0001959),1/40,0.048846578661385,0.0791906654055787,0,0,21.299145299145295,64.30363063192733,PYCARD
298,GO_Biological_Process_2023,Positive Regulation Of Cell Cycle G1/S Phase Transition (GO:1902808),1/40,0.048846578661385,0.0791906654055787,0,0,21.299145299145295,64.30363063192733,AIF1
299,GO_Biological_Process_2023,Endothelial Cell Migration (GO:0043542),1/40,0.048846578661385,0.0791906654055787,0,0,21.299145299145295,64.30363063192733,S100A9
300,GO_Biological_Process_2023,Heart Contraction (GO:0060047),1/41,0.0500379001782909,0.0802105665779345,0,0,20.765625,62.19251853785659,GPX1
301,GO_Biological_Process_2023,Negative Regulation Of Proteolysis (GO:0045861),1/41,0.0500379001782909,0.0802105665779345,0,0,20.765625,62.19251853785659,CST3
302,GO_Biological_Process_2023,Positive Regulation Of Actin Filament Polymerization (GO:0030838),1/41,0.0500379001782909,0.0802105665779345,0,0,20.765625,62.19251853785659,PYCARD
303,GO_Biological_Process_2023,Monocyte Chemotaxis (GO:0002548),1/42,0.0512277892154369,0.0815074118372007,0,0,20.258130081300813,60.19648932344668,LGALS3
304,GO_Biological_Process_2023,Negative Regulation Of I-kappaB kinase/NF-kappaB Signaling (GO:0043124),1/42,0.0512277892154369,0.0815074118372007,0,0,20.258130081300813,60.19648932344668,PYCARD
305,GO_Biological_Process_2023,Extracellular Matrix Disassembly (GO:0022617),1/44,0.053603276456753,0.0840373711483161,0,0,19.313953488372093,56.51543006900448,CTSS
306,GO_Biological_Process_2023,Positive Regulation Of Leukocyte Cell-Cell Adhesion (GO:1903039),1/44,0.053603276456753,0.0840373711483161,0,0,19.313953488372093,56.51543006900448,PYCARD
307,GO_Biological_Process_2023,Regulation Of B Cell Proliferation (GO:0030888),1/44,0.053603276456753,0.0840373711483161,0,0,19.313953488372093,56.51543006900448,TYROBP
308,GO_Biological_Process_2023,Positive Regulation Of Chemotaxis (GO:0050921),1/44,0.053603276456753,0.0840373711483161,0,0,19.313953488372093,56.51543006900448,AIF1
309,GO_Biological_Process_2023,Regulation Of Cellular Metabolic Process (GO:0031323),1/45,0.054788877942146,0.0855826268585347,0,0,18.87405303030303,54.81530943314256,NPC2
310,GO_Biological_Process_2023,Epithelial Cell Migration (GO:0010631),1/46,0.0559730535406075,0.0858654728149822,0,0,18.453703703703702,53.19990358724921,S100A9
311,GO_Biological_Process_2023,Regulation Of Cytokine Production Involved In Inflammatory Response (GO:1900015),1/46,0.0559730535406075,0.0858654728149822,0,0,18.453703703703702,53.19990358724921,PYCARD
312,GO_Biological_Process_2023,T Cell Differentiation (GO:0030217),1/46,0.0559730535406075,0.0858654728149822,0,0,18.453703703703702,53.19990358724921,FCER1G
313,GO_Biological_Process_2023,Cellular Component Disassembly (GO:0022411),1/46,0.0559730535406075,0.0858654728149822,0,0,18.453703703703702,53.19990358724921,CTSS
314,GO_Biological_Process_2023,Response To Hydrogen Peroxide (GO:0042542),1/46,0.0559730535406075,0.0858654728149822,0,0,18.453703703703702,53.19990358724921,GPX1
315,GO_Biological_Process_2023,Cellular Response To Cytokine Stimulus (GO:0071345),2/308,0.0562068691425022,0.0859162142606819,0,0,5.5893719806763285,16.090216243279567,PYCARD;AIF1
316,GO_Biological_Process_2023,Regulation Of Apoptotic Process (GO:0042981),3/705,0.0564244848612914,0.0859419200022517,0,0,3.743783993783994,10.762825223832866,PYCARD;LGALS2;LGALS1
317,GO_Biological_Process_2023,Epithelial To Mesenchymal Transition (GO:0001837),1/47,0.057155804891704,0.0861362130058075,0,0,18.05163043478261,51.66330275637264,S100A4
318,GO_Biological_Process_2023,Negative Regulation Of Hydrolase Activity (GO:0051346),1/47,0.057155804891704,0.0861362130058075,0,0,18.05163043478261,51.66330275637264,CST3
319,GO_Biological_Process_2023,Positive Regulation Of Smooth Muscle Cell Proliferation (GO:0048661),1/47,0.057155804891704,0.0861362130058075,0,0,18.05163043478261,51.66330275637264,AIF1
320,GO_Biological_Process_2023,Positive Regulation Of Reactive Oxygen Species Metabolic Process (GO:2000379),1/48,0.0583371336275197,0.0869975372563709,0,0,17.666666666666668,50.20012391375553,TYROBP
321,GO_Biological_Process_2023,Cellular Defense Response (GO:0006968),1/48,0.0583371336275197,0.0869975372563709,0,0,17.666666666666668,50.20012391375553,TYROBP
322,GO_Biological_Process_2023,Regulation Of Tumor Necrosis Factor-Mediated Signaling Pathway (GO:0010803),1/48,0.0583371336275197,0.0869975372563709,0,0,17.666666666666668,50.20012391375553,PYCARD
323,GO_Biological_Process_2023,Unsaturated Fatty Acid Metabolic Process (GO:0033559),1/49,0.0595170414020208,0.0875370918215289,0,0,17.297743055555557,48.80545398159523,GPX1
324,GO_Biological_Process_2023,Intrinsic Apoptotic Signaling Pathway In Response To DNA Damage (GO:0008630),1/49,0.0595170414020208,0.0875370918215289,0,0,17.297743055555557,48.80545398159523,PYCARD
325,GO_Biological_Process_2023,Negative Regulation Of T Cell Activation (GO:0050868),1/49,0.0595170414020208,0.0875370918215289,0,0,17.297743055555557,48.80545398159523,LGALS3
326,GO_Biological_Process_2023,Negative Regulation Of Cysteine-Type Endopeptidase Activity Involved In Apoptotic Process (GO:0043154),1/49,0.0595170414020208,0.0875370918215289,0,0,17.297743055555557,48.80545398159523,GPX1
327,GO_Biological_Process_2023,Regulation Of Interferon-Beta Production (GO:0032648),1/50,0.0606955298241754,0.0883594787916567,0,0,16.943877551020407,47.47480020477031,PYCARD
328,GO_Biological_Process_2023,Blood Circulation (GO:0008015),1/50,0.0606955298241754,0.0883594787916567,0,0,16.943877551020407,47.47480020477031,GPX1
329,GO_Biological_Process_2023,Positive Regulation Of Cell Death (GO:0010942),1/50,0.0606955298241754,0.0883594787916567,0,0,16.943877551020407,47.47480020477031,TYROBP
330,GO_Biological_Process_2023,Positive Regulation Of Leukocyte Mediated Cytotoxicity (GO:0001912),1/51,0.0618726005630431,0.0885667994681687,0,0,16.604166666666668,46.204046595553486,TYROBP
331,GO_Biological_Process_2023,Positive Regulation Of Protein Localization To Cell Periphery (GO:1904377),1/51,0.0618726005630431,0.0885667994681687,0,0,16.604166666666668,46.204046595553486,LGALS3
332,GO_Biological_Process_2023,Positive Regulation Of Protein Localization To Plasma Membrane (GO:1903078),1/51,0.0618726005630431,0.0885667994681687,0,0,16.604166666666668,46.204046595553486,LGALS3
333,GO_Biological_Process_2023,Receptor Internalization (GO:0031623),1/51,0.0618726005630431,0.0885667994681687,0,0,16.604166666666668,46.204046595553486,FCER1G
334,GO_Biological_Process_2023,Cholesterol Transport (GO:0030301),1/51,0.0618726005630431,0.0885667994681687,0,0,16.604166666666668,46.204046595553486,NPC2
335,GO_Biological_Process_2023,Arachidonic Acid Metabolic Process (GO:0019369),1/52,0.0630482552333339,0.0896500107636774,0,0,16.27777777777778,44.98941570457079,GPX1
336,GO_Biological_Process_2023,Regulation Of Proteolysis (GO:0030162),1/52,0.0630482552333339,0.0896500107636774,0,0,16.27777777777778,44.98941570457079,CST3
337,GO_Biological_Process_2023,Actin Polymerization Or Depolymerization (GO:0008154),1/53,0.0642224954747202,0.0901220592235417,0,0,15.963942307692308,43.827434874789176,AIF1
338,GO_Biological_Process_2023,Regulation Of Macromolecule Biosynthetic Process (GO:0010556),1/53,0.0642224954747202,0.0901220592235417,0,0,15.963942307692308,43.827434874789176,S100A9
339,GO_Biological_Process_2023,Regulation Of Proteasomal Protein Catabolic Process (GO:0061136),1/53,0.0642224954747202,0.0901220592235417,0,0,15.963942307692308,43.827434874789176,GPX1
340,GO_Biological_Process_2023,Positive Regulation Of NIK/NF-kappaB Signaling (GO:1901224),1/53,0.0642224954747202,0.0901220592235417,0,0,15.963942307692308,43.827434874789176,PYCARD
341,GO_Biological_Process_2023,Positive Regulation Of Leukocyte Chemotaxis (GO:0002690),1/54,0.0653953228992461,0.0905799294526774,0,0,15.66194968553459,42.71490645721221,AIF1
342,GO_Biological_Process_2023,Negative Regulation Of Protein Catabolic Process (GO:0042177),1/54,0.0653953228992461,0.0905799294526774,0,0,15.66194968553459,42.71490645721221,CST3
343,GO_Biological_Process_2023,Regulation Of Lipid Metabolic Process (GO:0019216),1/54,0.0653953228992461,0.0905799294526774,0,0,15.66194968553459,42.71490645721221,NPC2
344,GO_Biological_Process_2023,Mesenchymal Cell Differentiation (GO:0048762),1/54,0.0653953228992461,0.0905799294526774,0,0,15.66194968553459,42.71490645721221,S100A4
345,GO_Biological_Process_2023,Regulation Of Cation Channel Activity (GO:2001257),1/56,0.067736745861726,0.0935204104155443,0,0,15.090909090909092,40.6266358411004,CTSS
346,GO_Biological_Process_2023,Positive Regulation Of Mitochondrion Organization (GO:0010822),1/58,0.0700725371329717,0.0955128850092735,0,0,14.559941520467836,38.70359077425905,PYCARD
347,GO_Biological_Process_2023,Regulation Of Neuron Death (GO:1901214),1/58,0.0700725371329717,0.0955128850092735,0,0,14.559941520467836,38.70359077425905,TYROBP
348,GO_Biological_Process_2023,Positive Regulation Of Type II Interferon Production (GO:0032729),1/58,0.0700725371329717,0.0955128850092735,0,0,14.559941520467836,38.70359077425905,PYCARD
349,GO_Biological_Process_2023,Regulation Of Bone Mineralization (GO:0030500),1/58,0.0700725371329717,0.0955128850092735,0,0,14.559941520467836,38.70359077425905,SRGN
350,GO_Biological_Process_2023,Positive Regulation Of Proteolysis (GO:0045862),1/59,0.071238324931138,0.0961829749858898,0,0,14.308189655172416,37.79829278577611,CTSS
351,GO_Biological_Process_2023,Phospholipid Transport (GO:0015914),1/59,0.071238324931138,0.0961829749858898,0,0,14.308189655172416,37.79829278577611,NPC2
352,GO_Biological_Process_2023,Regulation Of Type I Interferon Production (GO:0032479),1/59,0.071238324931138,0.0961829749858898,0,0,14.308189655172416,37.79829278577611,TYROBP
353,GO_Biological_Process_2023,Negative Regulation Of Peptidase Activity (GO:0010466),1/60,0.0724027096697759,0.0974476721341638,0,0,14.064971751412427,36.927745838789015,CST3
354,GO_Biological_Process_2023,Positive Regulation Of Mitotic Cell Cycle Phase Transition (GO:1901992),1/63,0.0758874616960385,0.1018176602065971,0,0,13.38239247311828,34.506549888818924,AIF1
355,GO_Biological_Process_2023,Positive Regulation Of Cysteine-Type Endopeptidase Activity (GO:2001056),1/64,0.0770462503405892,0.103049359830538,0,0,13.16931216931217,33.75754823262795,PYCARD
356,GO_Biological_Process_2023,Antimicrobial Humoral Immune Response Mediated By Antimicrobial Peptide (GO:0061844),1/65,0.0782036440133172,0.1041899624415265,0,0,12.962890625,33.03513646067728,S100A9
357,GO_Biological_Process_2023,Negative Regulation Of Endopeptidase Activity (GO:0010951),1/66,0.079359644289574,0.1041899624415265,0,0,12.762820512820513,32.33799172322633,CST3
358,GO_Biological_Process_2023,Negative Regulation Of Immune Response (GO:0050777),1/66,0.079359644289574,0.1041899624415265,0,0,12.762820512820513,32.33799172322633,LGALS3
359,GO_Biological_Process_2023,Regulation Of Endocytosis (GO:0030100),1/66,0.079359644289574,0.1041899624415265,0,0,12.762820512820513,32.33799172322633,LGALS3
360,GO_Biological_Process_2023,Cellular Response To Type II Interferon (GO:0071346),1/66,0.079359644289574,0.1041899624415265,0,0,12.762820512820513,32.33799172322633,AIF1
361,GO_Biological_Process_2023,Response To Reactive Oxygen Species (GO:0000302),1/66,0.079359644289574,0.1041899624415265,0,0,12.762820512820513,32.33799172322633,GPX1
362,GO_Biological_Process_2023,Negative Regulation Of Cell Population Proliferation (GO:0008285),2/379,0.0807405430433013,0.1056787535857277,0,0,4.520355207011879,11.375539142215525,FTH1;AIF1
363,GO_Biological_Process_2023,Positive Regulation Of Protein Polymerization (GO:0032273),1/70,0.0839697437215684,0.1092372349934081,0,0,12.020531400966185,29.77844727950012,PYCARD
364,GO_Biological_Process_2023,Positive Regulation Of Protein Transport (GO:0051222),1/70,0.0839697437215684,0.1092372349934081,0,0,12.020531400966185,29.77844727950012,OAZ1
365,GO_Biological_Process_2023,Myeloid Leukocyte Differentiation (GO:0002573),1/71,0.0851188011585982,0.110396505745091,0,0,11.848214285714286,29.190532473420173,TYROBP
366,GO_Biological_Process_2023,Cholesterol Homeostasis (GO:0042632),1/72,0.0862664748551896,0.1112109977048829,0,0,11.68075117370892,28.621510800477843,NPC2
367,GO_Biological_Process_2023,Negative Regulation Of Catabolic Process (GO:0009895),1/72,0.0862664748551896,0.1112109977048829,0,0,11.68075117370892,28.621510800477843,CST3
368,GO_Biological_Process_2023,Sterol Homeostasis (GO:0055092),1/73,0.0874127663656434,0.112350342355842,0,0,11.517939814814817,28.07053166814748,NPC2
369,GO_Biological_Process_2023,Cell Morphogenesis Involved In Neuron Differentiation (GO:0048667),1/77,0.0919841426094813,0.1171702768954107,0,0,10.90953947368421,26.031678480011845,S100A6
370,GO_Biological_Process_2023,Positive Regulation Of JNK Cascade (GO:0046330),1/77,0.0919841426094813,0.1171702768954107,0,0,10.90953947368421,26.031678480011845,PYCARD
371,GO_Biological_Process_2023,Regulation Of T Cell Proliferation (GO:0042129),1/77,0.0919841426094813,0.1171702768954107,0,0,10.90953947368421,26.031678480011845,LGALS3
372,GO_Biological_Process_2023,Long-Chain Fatty Acid Metabolic Process (GO:0001676),1/78,0.0931235471667537,0.1179197579508006,0,0,10.767316017316018,25.55975843572736,GPX1
373,GO_Biological_Process_2023,Proteolysis Involved In Protein Catabolic Process (GO:0051603),1/78,0.0931235471667537,0.1179197579508006,0,0,10.767316017316018,25.55975843572736,CTSS
374,GO_Biological_Process_2023,Positive Regulation Of Protein Localization To Membrane (GO:1905477),1/79,0.0942615791008967,0.1179647832022918,0,0,10.628739316239315,25.101698127695773,LGALS3
375,GO_Biological_Process_2023,Positive Regulation Of Catabolic Process (GO:0009896),1/79,0.0942615791008967,0.1179647832022918,0,0,10.628739316239315,25.101698127695773,OAZ1
376,GO_Biological_Process_2023,Positive Regulation Of Cytoskeleton Organization (GO:0051495),1/79,0.0942615791008967,0.1179647832022918,0,0,10.628739316239315,25.101698127695773,PYCARD
377,GO_Biological_Process_2023,Negative Regulation Of Cellular Component Organization (GO:0051129),1/79,0.0942615791008967,0.1179647832022918,0,0,10.628739316239315,25.101698127695773,LGALS3
378,GO_Biological_Process_2023,Positive Regulation Of Immune Response (GO:0050778),1/80,0.0953982400052786,0.1180070714516164,0,0,10.49367088607595,24.656927579154026,PYCARD
379,GO_Biological_Process_2023,Negative Regulation Of Protein Serine/Threonine Kinase Activity (GO:0071901),1/80,0.0953982400052786,0.1180070714516164,0,0,10.49367088607595,24.656927579154026,PYCARD
380,GO_Biological_Process_2023,Regulation Of Protein Localization To Plasma Membrane (GO:1903076),1/80,0.0953982400052786,0.1180070714516164,0,0,10.49367088607595,24.656927579154026,LGALS3
381,GO_Biological_Process_2023,Response To Type II Interferon (GO:0034341),1/80,0.0953982400052786,0.1180070714516164,0,0,10.49367088607595,24.656927579154026,AIF1
382,GO_Biological_Process_2023,Cellular Response To Interleukin-1 (GO:0071347),1/81,0.0965335314418881,0.1187251478653107,0,0,10.361979166666666,24.224906921072943,PYCARD
383,GO_Biological_Process_2023,Negative Regulation Of NF-kappaB Transcription Factor Activity (GO:0032088),1/81,0.0965335314418881,0.1187251478653107,0,0,10.361979166666666,24.224906921072943,PYCARD
384,GO_Biological_Process_2023,Epigenetic Regulation Of Gene Expression (GO:0040029),1/83,0.0988000122711018,0.1208183007200902,0,0,10.108231707317072,23.397094838762637,GPX1
385,GO_Biological_Process_2023,Regulation Of NIK/NF-kappaB Signaling (GO:1901222),1/83,0.0988000122711018,0.1208183007200902,0,0,10.108231707317072,23.397094838762637,PYCARD
386,GO_Biological_Process_2023,Positive Regulation Of Protein Localization (GO:1903829),1/85,0.1010610342090092,0.1225329253299036,0,0,9.86656746031746,22.614474985502635,TYROBP
387,GO_Biological_Process_2023,Response To Interleukin-1 (GO:0070555),1/85,0.1010610342090092,0.1225329253299036,0,0,9.86656746031746,22.614474985502635,PYCARD
388,GO_Biological_Process_2023,Defense Response To Gram-positive Bacterium (GO:0050830),1/85,0.1010610342090092,0.1225329253299036,0,0,9.86656746031746,22.614474985502635,LYZ
389,GO_Biological_Process_2023,Regulation Of Type II Interferon Production (GO:0032649),1/87,0.1033166098523801,0.1249138672791488,0,0,9.636143410852712,21.873632377634998,PYCARD
390,GO_Biological_Process_2023,Negative Regulation Of Protein Kinase Activity (GO:0006469),1/88,0.1044423592578321,0.1259192387671892,0,0,9.524904214559388,21.517901093005328,PYCARD
391,GO_Biological_Process_2023,Regulation Of Epithelial Cell Proliferation (GO:0050678),1/91,0.1078114725710848,0.1296160400573716,0,0,9.20601851851852,20.505220529335578,GPX1
392,GO_Biological_Process_2023,Positive Regulation Of Neuron Projection Development (GO:0010976),1/92,0.108931803930084,0.1302313186650166,0,0,9.104395604395604,20.184747726684503,S100A9
393,GO_Biological_Process_2023,Positive Regulation Of Protein Catabolic Process (GO:0045732),1/92,0.108931803930084,0.1302313186650166,0,0,9.104395604395604,20.184747726684503,OAZ1
394,GO_Biological_Process_2023,Positive Regulation Of Cellular Component Biogenesis (GO:0044089),1/93,0.110050784689784,0.1312026068167898,0,0,9.00498188405797,19.872314154794893,LGALS3
395,GO_Biological_Process_2023,Vesicle Organization (GO:0016050),1/94,0.1111684164109228,0.1318007817835871,0,0,8.907706093189963,19.56763781102837,SRGN
396,GO_Biological_Process_2023,Cellular Response To Hormone Stimulus (GO:0032870),1/94,0.1111684164109228,0.1318007817835871,0,0,8.907706093189963,19.56763781102837,CTSS
397,GO_Biological_Process_2023,Positive Regulation Of Protein-Containing Complex Assembly (GO:0031334),1/98,0.1156254840416987,0.1367063733973675,0,0,8.538659793814434,18.42129521976745,LGALS3
398,GO_Biological_Process_2023,Axon Development (GO:0061564),1/99,0.1167363938849271,0.1376396049111538,0,0,8.451105442176871,18.151596366550063,S100A6
399,GO_Biological_Process_2023,Protein Complex Oligomerization (GO:0051259),1/100,0.1178459640404217,0.1381865002994534,0,0,8.365319865319865,17.88820673407011,PYCARD
400,GO_Biological_Process_2023,Response To UV (GO:0009411),1/100,0.1178459640404217,0.1381865002994534,0,0,8.365319865319865,17.88820673407011,GPX1
401,GO_Biological_Process_2023,Protein Catabolic Process (GO:0030163),1/102,0.1200610913811501,0.1403993090468094,0,0,8.198844884488448,17.379538920010766,CTSS
402,GO_Biological_Process_2023,Positive Regulation Of Cell Population Proliferation (GO:0008284),2/483,0.1214147296400449,0.1415953795257199,0,0,3.5241796980927416,7.4308847018750015,S100A6;AIF1
403,GO_Biological_Process_2023,Positive Regulation Of Stress-Activated MAPK Cascade (GO:0032874),1/105,0.1233737731565347,0.1431002030108316,0,0,7.96113782051282,16.65897326458128,PYCARD
404,GO_Biological_Process_2023,Intrinsic Apoptotic Signaling Pathway (GO:0097193),1/105,0.1233737731565347,0.1431002030108316,0,0,7.96113782051282,16.65897326458128,PYCARD
405,GO_Biological_Process_2023,Regulation Of G1/S Transition Of Mitotic Cell Cycle (GO:2000045),1/106,0.1244753374689266,0.1439876876667583,0,0,7.884920634920635,16.42939655103013,AIF1
406,GO_Biological_Process_2023,Lipid Transport (GO:0006869),1/108,0.1266744808885122,0.1457437575814065,0,0,7.736760124610591,15.985187983477685,NPC2
407,GO_Biological_Process_2023,Response To Tumor Necrosis Factor (GO:0034612),1/108,0.1266744808885122,0.1457437575814065,0,0,7.736760124610591,15.985187983477685,PYCARD
408,GO_Biological_Process_2023,Negative Regulation Of Developmental Process (GO:0051093),1/109,0.1277720630553995,0.1466124476882332,0,0,7.664737654320987,15.770254135280071,CST3
409,GO_Biological_Process_2023,Regulation Of JNK Cascade (GO:0046328),1/110,0.1288683209334415,0.1474749768970934,0,0,7.594036697247707,15.559909052128898,PYCARD
410,GO_Biological_Process_2023,Regulation Of Protein Serine/Threonine Kinase Activity (GO:0071900),1/112,0.1310568698603139,0.1495795741339049,0,0,7.456456456456457,15.152443590064316,PYCARD
411,GO_Biological_Process_2023,Cellular Response To Molecule Of Bacterial Origin (GO:0071219),1/117,0.1365051737472374,0.1553835488399405,0,0,7.133261494252873,14.205125310287286,PYCARD
412,GO_Biological_Process_2023,Positive Regulation Of Cell Projection Organization (GO:0031346),1/118,0.1375908921143905,0.1562039836205812,0,0,7.071937321937322,14.02697938619064,S100A9
413,GO_Biological_Process_2023,Regulation Of Protein-Containing Complex Assembly (GO:0043254),1/119,0.1386752998975814,0.1566042964542608,0,0,7.0116525423728815,13.852361349501969,LGALS3
414,GO_Biological_Process_2023,Cellular Response To Tumor Necrosis Factor (GO:0071356),1/119,0.1386752998975814,0.1566042964542608,0,0,7.0116525423728815,13.852361349501969,PYCARD
415,GO_Biological_Process_2023,Fatty Acid Metabolic Process (GO:0006631),1/122,0.1419206748709737,0.1594279497238235,0,0,6.836776859504132,13.348717975228093,GPX1
416,GO_Biological_Process_2023,Receptor-Mediated Endocytosis (GO:0006898),1/122,0.1419206748709737,0.1594279497238235,0,0,6.836776859504132,13.348717975228093,FCER1G
417,GO_Biological_Process_2023,Cellular Response To Lipopolysaccharide (GO:0071222),1/124,0.1440777329710281,0.1614274076219896,0,0,6.724932249322493,13.02889929294851,PYCARD
418,GO_Biological_Process_2023,Positive Regulation Of Intracellular Protein Transport (GO:0090316),1/126,0.146229585037245,0.1634106067779135,0,0,6.616666666666666,12.721053744412291,OAZ1
419,GO_Biological_Process_2023,Protein Homooligomerization (GO:0051260),1/129,0.1494476280522189,0.1665718354332023,0,0,6.460611979166667,12.280391085330436,PYCARD
420,GO_Biological_Process_2023,Epithelial Cell Differentiation (GO:0030855),1/132,0.1526540250124257,0.1697036953384888,0,0,6.311704834605598,11.863361700115332,LGALS3
421,GO_Biological_Process_2023,Regulation Of Gene Expression (GO:0010468),3/1127,0.1642106563755667,0.1820781371210947,0,0,2.287002588159172,4.131710734596426,GPX1;TYROBP;AIF1
422,GO_Biological_Process_2023,Ras Protein Signal Transduction (GO:0007265),1/144,0.1653639583505723,0.1824117891083633,0,0,5.778554778554779,10.39912431317092,AIF1
423,GO_Biological_Process_2023,Actin Filament Organization (GO:0007015),1/144,0.1653639583505723,0.1824117891083633,0,0,5.778554778554779,10.39912431317092,AIF1
424,GO_Biological_Process_2023,Neuron Projection Morphogenesis (GO:0048812),1/146,0.1674644076219803,0.1842538983604308,0,0,5.698275862068965,10.182730312343526,S100A6
425,GO_Biological_Process_2023,Negative Regulation Of Protein Metabolic Process (GO:0051248),1/147,0.1685127283507663,0.1849319172669948,0,0,5.658961187214612,10.077161140011093,CST3
426,GO_Biological_Process_2023,Defense Response To Symbiont (GO:0140546),1/148,0.1695597817875471,0.1856050808313815,0,0,5.620181405895692,9.973291336989591,PYCARD
427,GO_Biological_Process_2023,Negative Regulation Of DNA-binding Transcription Factor Activity (GO:0043433),1/149,0.1706055694327323,0.186273427850024,0,0,5.581925675675675,9.871082937357729,PYCARD
428,GO_Biological_Process_2023,Epithelium Development (GO:0060429),1/154,0.1758155713652075,0.1914734466776306,0,0,5.398148148148148,9.383707395409944,LGALS3
429,GO_Biological_Process_2023,Regulation Of Macromolecule Metabolic Process (GO:0060255),1/162,0.1840862831598885,0.1999719015036352,0,0,5.127846790890269,8.678115111541567,AIF1
430,GO_Biological_Process_2023,Regulation Of Cytokine Production (GO:0001817),1/167,0.1892149539686911,0.2050227855660754,0,0,4.972138554216867,8.277972208517257,SRGN
431,GO_Biological_Process_2023,Regulation Of Neuron Projection Development (GO:0010975),1/174,0.1963431270625283,0.2122092383403084,0,0,4.769267822736031,7.763850559737468,S100A9
432,GO_Biological_Process_2023,Positive Regulation Of Hydrolase Activity (GO:0051345),1/176,0.1983686725162173,0.2133210850174398,0,0,4.714285714285714,7.625960558336458,CTSS
433,GO_Biological_Process_2023,Extracellular Matrix Organization (GO:0030198),1/176,0.1983686725162173,0.2133210850174398,0,0,4.714285714285714,7.625960558336458,CTSS
434,GO_Biological_Process_2023,Positive Regulation Of ERK1 And ERK2 Cascade (GO:0070374),1/179,0.2013978039759471,0.2160357396032715,0,0,4.634129213483146,7.426067881764699,PYCARD
435,GO_Biological_Process_2023,Axonogenesis (GO:0007409),1/188,0.2104194109499281,0.2251487697164231,0,0,4.409090909090909,6.8722407666237695,S100A6
436,GO_Biological_Process_2023,Defense Response To Virus (GO:0051607),1/189,0.2114157508984971,0.2256507266447799,0,0,4.385416666666667,6.814624823124887,PYCARD
437,GO_Biological_Process_2023,Regulation Of Programmed Cell Death (GO:0043067),1/195,0.2173684922367035,0.2313280805017652,0,0,4.248496563573883,6.48389080362006,LGALS1
438,GO_Biological_Process_2023,Positive Regulation Of Protein Metabolic Process (GO:0051247),1/196,0.2183564124362456,0.2313280805017652,0,0,4.226495726495727,6.431148456568131,OAZ1
439,GO_Biological_Process_2023,Endomembrane System Organization (GO:0010256),1/196,0.2183564124362456,0.2313280805017652,0,0,4.226495726495727,6.431148456568131,SRGN
440,GO_Biological_Process_2023,Protein Stabilization (GO:0050821),1/208,0.2301184672666756,0.2431869234324374,0,0,3.9790660225442833,5.845888726537855,TYROBP
441,GO_Biological_Process_2023,Positive Regulation Of Cell Motility (GO:2000147),1/221,0.2426689085490451,0.2558184553177126,0,0,3.741477272727273,5.29814613362905,AIF1
442,GO_Biological_Process_2023,Regulation Of Cell Population Proliferation (GO:0042127),2/766,0.2482345807975161,0.2602921069459479,0,0,2.186546778966538,3.046692933287328,FTH1;AIF1
443,GO_Biological_Process_2023,Apoptotic Process (GO:0006915),1/228,0.249345242635137,0.2602921069459479,0,0,3.624816446402349,5.034568554428955,PYCARD
444,GO_Biological_Process_2023,Cellular Response To Lipid (GO:0071396),1/228,0.249345242635137,0.2602921069459479,0,0,3.624816446402349,5.034568554428955,PYCARD
445,GO_Biological_Process_2023,Chromatin Remodeling (GO:0006338),1/228,0.249345242635137,0.2602921069459479,0,0,3.624816446402349,5.034568554428955,GPX1
446,GO_Biological_Process_2023,Negative Regulation Of Intracellular Signal Transduction (GO:1902532),1/231,0.2521891992459688,0.2619829545564918,0,0,3.5769927536231885,4.92757823392161,PYCARD
447,GO_Biological_Process_2023,Negative Regulation Of Multicellular Organismal Process (GO:0051241),1/231,0.2521891992459688,0.2619829545564918,0,0,3.5769927536231885,4.92757823392161,SRGN
448,GO_Biological_Process_2023,Regulation Of ERK1 And ERK2 Cascade (GO:0070372),1/244,0.2643939278418839,0.2739966128724608,0,0,3.3834019204389576,4.50099078955361,PYCARD
449,GO_Biological_Process_2023,Cellular Component Assembly (GO:0022607),1/260,0.2791527602862771,0.2885927087017551,0,0,3.171814671814672,4.047223211713577,AIF1
450,GO_Biological_Process_2023,Positive Regulation Of Signal Transduction (GO:0009967),1/266,0.2846136906424749,0.2935293002288657,0,0,3.099056603773585,3.894344224925176,CTSS
451,GO_Biological_Process_2023,Positive Regulation Of Cell Migration (GO:0030335),1/272,0.2900348932660936,0.2984012844180001,0,0,3.029520295202952,3.7498009895950233,AIF1
452,GO_Biological_Process_2023,Plasma Membrane Bounded Cell Projection Assembly (GO:0120031),1/275,0.2927306833740999,0.3004525958851674,0,0,2.995894160583941,3.680462753085676,AIF1
453,GO_Biological_Process_2023,Regulation Of Intracellular Signal Transduction (GO:1902531),1/297,0.3122017108146386,0.3196706512647496,0,0,2.7701295045045047,3.224723798147461,PYCARD
454,GO_Biological_Process_2023,Positive Regulation Of MAPK Cascade (GO:0043410),1/310,0.3234643246985458,0.3304122457541231,0,0,2.651833872707659,2.9930359237917226,PYCARD
455,GO_Biological_Process_2023,Supramolecular Fiber Organization (GO:0097435),1/316,0.3286025381562784,0.3348616341211599,0,0,2.6005291005291005,2.8941453474064565,CST3
456,GO_Biological_Process_2023,Negative Regulation Of Gene Expression (GO:0010629),1/336,0.3454607345683721,0.3512047372809104,0,0,2.442786069651741,2.5963793958806733,SRGN
457,GO_Biological_Process_2023,Protein Localization (GO:0008104),1/351,0.3578369186857921,0.3629246473874858,0,0,2.336309523809524,2.400973737057422,FCN1
458,GO_Biological_Process_2023,Positive Regulation Of Macromolecule Metabolic Process (GO:0010604),1/364,0.3683809474250587,0.3727353321463951,0,0,2.251147842056933,2.2480810876513058,TYROBP
459,GO_Biological_Process_2023,Cellular Response To Oxygen-Containing Compound (GO:1901701),1/406,0.4013223635071957,0.4051084235402825,0,0,2.013374485596708,1.83819132650882,PYCARD
460,GO_Biological_Process_2023,Regulation Of Cell Migration (GO:0030334),1/434,0.4223601087783939,0.4253414742521237,0,0,1.880484988452656,1.6207843522181071,AIF1
461,GO_Biological_Process_2023,Positive Regulation Of Gene Expression (GO:0010628),1/480,0.4553899816621867,0.457527962796751,0,0,1.6958942240779402,1.3339923038277155,TYROBP
462,GO_Biological_Process_2023,Negative Regulation Of Apoptotic Process (GO:0043066),1/482,0.4567841263497756,0.457853878402117,0,0,1.6886694386694387,1.323147433007726,GPX1
463,GO_Biological_Process_2023,Negative Regulation Of Cellular Process (GO:0048523),1/537,0.4938078999866087,0.4938078999866087,0,0,1.5111162935323383,1.0662568092402849,FTH1
